1,a,that (conjunction)
2,aba,center
3,aballos,central
4,aballuor,to centralize
5,abascar,to center
6,abes,mean (noun)
7,abon,middle (adjective)
8,ābon,middle (noun)
9,abor,to be in the middle (of)
10,ābrax,eighty
11,ābrax ābris,eighty-eight times
12,ābrax ābro,eighty-eight
13,ābrax ābros,eighty-eighth
14,ābrax beī,eighty-six
15,ābrax beīis,eighty-six times
16,ābrax beīos,eighty-sixth
17,ābrax cōd,eighty-seven
18,ābrax cōdis,eighty-seven times
19,ābrax cōdos,eighty-seventh
20,ābrax īratis,eighty-one times
21,ābrax īratos,eighty-first
22,ābrax īura,eighty-nine
23,ābrax īuris,eighty-nine times
24,ābrax īuros,eighty-ninth
25,ābrax mis,eighty-three times
26,ābrax mo,eighty-three
27,ābrax mos,eighty-third
28,ābrax nō,eighty-one
29,ābrax pōma,eighty-five
30,ābrax pōmis,eighty-five times
31,ābrax pōmos,eighty-fifth
32,ābrax rax,eighty-two
33,ābrax raxis,eighty-two times
34,ābrax raxos,eighty-second
35,ābrax sēni,eighty-four
36,ābrax sēnios,eighty-fourth
37,ābrax sēnīs,eighty-four times
38,ābraxis,eighty times
39,ābraxos,eightieth
40,ābris,eight times
41,ābro,eight
42,ābro carax,eight-hundred
43,ābro caraxis,eight-hundred times
44,ābro caraxos,eight-hundredth
45,ābro metī,eight-thousand
46,ābro metīis,eight-thousand times
47,ābro metīos,eight-thousandth
48,ābromax,eighteen
49,ābromaxis,eighteen times
50,ābromaxos,eighteenth
51,ābros,eighth
52,acinos,beauty
53,acratos,majority
54,acuīos,poverty
55,adandros,craziness
56,adastos,flexibility
57,aēnon,existence
58,ahārithos,safety
59,ahios,size
60,ahiros,height
61,ahiuthon,bravery
62,ailithon,silence
63,ailithoscor,to silence
64,aillos,softness
65,aimmicon,future (noun)
66,aimminor,observance
67,aincāthon,obedience
68,aincios,kindness / gentleness
69,ainstavon,curiosity
70,ainstos,capacity
71,aintuon,cold (noun)
72,aīos,where
73,aīrēnon,presence
74,aīrinon,productivity
75,airīvos,humidity
76,aīrros,equality
77,ais,what
78,aitiāmos,youth
79,aixtos,blindness
80,ajosallos,society
81,ajostos,ability
82,ajostra,similarity
83,ajūson,community
84,ajuthēnon,consistency
85,ajuthinon,conductivity
86,ajuvevīon,correspondence
87,ajuvīcnon,confidence
88,aladribos,lustfulness
89,alastos,desireableness
90,ām,because of
91,amanicnos,objectivity
92,amarros,sickness / illness
93,amelios,spirituality
94,aminithor,attentiveness
95,aminor,patience
96,amnicos,anger
97,amnitos,darkness
98,anauros,emptiness
99,anellibos,usefulness
100,anellisīos,uselessness
101,āni,tower
102,anios,who
103,ānirus,surveillance
104,ānithor,to guard / watch over
105,ānithōs,guard
106,ānor,to watch
107,ānōs,watcher
108,anucros,sharpness
109,aōs,distance
110,aparos,depth
111,aprumon,activity
112,arambros,speed
113,aramnon,business
114,arancīon,reality
115,arātos,frequency
116,ārax,both
117,araxesos,width
118,āres,everything / all
119,ārīos,everywhere
120,ārnios,everyone / everybody / all
121,āros,every / all
122,ārusia,ever / always
123,arvebos,handful
124,arvebuor,to manipulate
125,arveburus,manipulation
126,arves,hand
127,arvesci,deal
128,arvescor,to deal
129,arvescōs,dealer
130,ārvīos,everyway
131,arvor,to grab
132,ascāmos,strength
133,asīhārnos,insanity
134,asījostos,inability
135,asīminor,impatience
136,asīstaustos,impossibility
137,asithon,inventiveness
138,asīvēos,injustice
139,asīxedon,indifference
140,astascōs,ownership
141,astauron,awareness
142,astauros,wisdom
143,astaustos,possiblity
144,astavon,consciousness
145,asuffrāton,intelligence
146,athemnuon,aggressiveness
147,aubos,length
148,aulvios,deadliness
149,aunāmo,monster
150,aunāmos,monstrous
151,auni,fear
152,aunia,danger
153,aunios,dangerous
154,auniscon,fearsome
155,auniscor,to fear
156,auniscos,afraid
157,aunor,to frighten
158,aunōs,leader
159,aures,taser
160,auri,shock
161,aurnos,clarity
162,auron,shocking
163,auror,to shock
164,ausia,when
165,avēos,justice
166,avēros,firmness
167,avevīstos,responsibility
168,avinnios,genetics
169,avīos,how / as / like / than
170,avolnos,freedom
171,avor,to shake
172,āx,which (out of two)
173,axedon,difference
174,axēnon,absence
175,axion,warmth
176,axiros,heat
177,axirra / ax.,celsius
178,beī,six
179,beī carax,six-hundred
180,beī caraxis,six-hundred times
181,beī caraxos,six-hundredth
182,beī metī,six-thousand
183,beī metīis,six-thousand times
184,beī metīos,six-thousandth
185,beīis,six times
186,beīmax,sixteen
187,beīmaxis,sixteen times
188,beīmaxos,sixteenth
189,beīos,sixth
190,beīx,sixty
191,beīx ābris,sixty-eight times
192,beīx ābro,sixty-eight
193,beīx ābros,sixty-eighth
194,beīx beī,sixty-six
195,beīx beīis,sixty-six times
196,beīx beīos,sixty-sixth
197,beīx cōd,sixty-seven
198,beīx cōdis,sixty-seven times
199,beīx cōdos,sixty-seventh
200,beīx īratis,sixty-one times
201,beīx īratos,sixty-first
202,beīx īura,sixty-nine
203,beīx īuris,sixty-nine times
204,beīx īuros,sixty-ninth
205,beīx mis,sixty-three times
206,beīx mo,sixty-three
207,beīx mos,sixty-third
208,beīx nō,sixty-one
209,beīx pōma,sixty-five
210,beīx pōmis,sixty-five times
211,beīx pōmos,sixty-fifth
212,beīx rax,sixty-two
213,beīx raxis,sixty-two times
214,beīx raxos,sixty-second
215,beīx sēni,sixty-four
216,beīx sēnios,sixty-fourth
217,beīx sēnīs,sixty-four times
218,beīxis,sixty times
219,beīxos,sixtieth
220,beles,tooth
221,beli,bite
222,belon,bitter
223,belor,to bite
224,belōs,dog
225,cādī,down
226,cādīos,hill
227,cādon,client
228,cādor,to lean
229,caīon,of the people
230,cais,people
231,calīora,human (noun)
232,calīoros,human (adjective)
233,calīos,earth
234,calīscor,to bury
235,calīvi,terrarium
236,calīvira,which belongs to a terrarium
237,calnor,to dry
238,calnus,drug
239,calnuscor,to take drugs
240,calnuscōs,drug user
241,calor,to be dry
242,calus,bone
243,calusis,skeleton
244,cāmīos,jungle
245,cāmo,poison
246,cāmos,thick
247,cāmos,poisonous
248,cāmuor,to thicken
249,caor,to fill
250,caos,full
251,carax,one-hundred
252,caraxis,one-hundred times
253,caraxos,one-hundredth
254,caros,many
255,cator,to hang
256,cēa,hate / hatred
257,cēascor,to hate
258,cēascōs,enemy
259,cī,in / on / at
260,cīabor,to intermediate
261,cīabrus,intermediation
262,cīarvon,understanding (adjective)
263,cīarvor,to understand
264,cīarvrus,understanding (noun)
265,cīatos,under
266,ciavos,mirror
267,ciavoscor,to mirror
268,cīculvor,to invade
269,cīculvōs,invader
270,cīculvrus,invasion
271,cīdini,invite
272,cīdinirus,invitation
273,cīdinithon,inclusive
274,cīdinithor,to include
275,cīdinithrus,inclusion
276,cīdinor,to invite
277,cīemior,to keep
278,cies,eye
279,ciesci,look
280,ciescor,to look
281,ciesīon,glass
282,cīhebon,impressive
283,cīhebor,to impress
284,cīhebos,impressed
285,cīhebrus,impression
286,cīhebus,imprint
287,cīhius,embryo
288,cīlor,to suck
289,cīmor,to insert
290,cīnicor,to incubate
291,cīnicōs,incubator
292,cīnicror,to move in
293,cīnīora,prisoner
294,cīnīos,prison
295,cīnirus,induction
296,cīnirus,imprisonment
297,cīnon,inductive
298,cinor,to show
299,cīnor,to induce
300,cīnor,to imprison
301,cinos,beautiful
302,cīnōs,inductor
303,cior,to see
304,cīperor,to immerse
305,cīperus,immersion
306,cīrōr,to impose
307,cīrorus,imposition
308,cīrōs,impostor
309,cirus,vision / view
310,cīscōror,to write
311,cīscōrōs,writer
312,cīscōrrus,writing
313,cīūnirus,information
314,cīūnor,to inform
315,cius,sight
316,cīvixor,to accept
317,clīor,man
318,clīoros,male
319,cluīvi,twig
320,cluīvīon,branch
321,clura,data
322,cluriu,database
323,cluthi,crime
324,cluthios,criminal (adjective)
325,cluthor,to commit a crime
326,cluthōs,criminal (noun)
327,cōd,seven
328,cōd carax,seven-hundred
329,cōd caraxis,seven-hundred times
330,cōd caraxos,seven-hundredth
331,cōd metī,seven-thousand
332,cōd metīis,seven-thousand times
333,cōd metīos,seven-thousandth
334,cōdax,seventy
335,cōdax ābris,seventy-eight times
336,cōdax ābro,seventy-eight
337,cōdax ābros,seventy-eighth
338,cōdax beī,seventy-six
339,cōdax beīis,seventy-six times
340,cōdax beīos,seventy-sixth
341,cōdax cōd,seventy-seven
342,cōdax cōdis,seventy-seven times
343,cōdax cōdos,seventy-seventh
344,cōdax īratis,seventy-one times
345,cōdax īratos,seventy-first
346,cōdax īura,seventy-nine
347,cōdax īuris,seventy-nine times
348,cōdax īuros,seventy-ninth
349,cōdax mis,seventy-three times
350,cōdax mo,seventy-three
351,cōdax mos,seventy-third
352,cōdax nō,seventy-one
353,cōdax pōma,seventy-five
354,cōdax pōmis,seventy-five times
355,cōdax pōmos,seventy-fifth
356,cōdax rax,seventy-two
357,cōdax raxis,seventy-two times
358,cōdax raxos,seventy-second
359,cōdax sēni,seventy-four
360,cōdax sēnios,seventy-fourth
361,cōdax sēnīs,seventy-four times
362,cōdaxis,seventy times
363,cōdaxos,seventieth
364,cōdis,seven times
365,cōdos,seventh
366,cohithi,stench / stink
367,cohithon,stinky
368,cohithor,to stink
369,cohor,to smell
370,cōmax,seventeen
371,cōmaxis,seventeen times
372,cōmaxos,seventeenth
373,conni,smoke
374,connīon,smudge / dirt
375,connīonos,dirty
376,connīvi,vape
377,connor,to smoke
378,cranos,more
379,cratos,most
380,cuī,so / such
381,cuī,lack
382,cuīni,need
383,cuīnios,needy
384,cuīnor,to need
385,cuīor,to lack
386,cuīos,poor
387,culnor,to open
388,culvor,to break
389,culvus,piece
390,dandros,crazy
391,danīollos,coastal
392,danīos,coast
393,danithor,to close
394,danor,to bend
395,danos,bad
396,danus,back (noun)
397,dascor,to end
398,dastos,flexible
399,dathra,limit
400,dathrascor,to limit
401,dathrascos,limited
402,dathrīon,border
403,dathrīscor,to border
404,dathus,end
405,davos,carrier
406,des,car
407,dīos,here
408,doni,load
409,doniāmo,burden
410,doniāscor,to burden
411,donor,to load
412,dōnos,worse
413,dor,to carry / bear
414,dos,this
415,dostos,bearable
416,dothi,control
417,dothor,to control
418,dothōs,controller
419,dōtos,worst
420,dusia,now
421,ē,1st Person Singular (accusative)
422,ecri,dawn
423,ecrīllos,eastern
424,ecrios,early
425,ecrīos,east
426,ecror,to dawn
427,efica,forgery
428,efithor,to forge
429,efor,to melt
430,efrus,fusion
431,eīx,3rd Person Feminine / Neutral Singular (nominative)
432,eīxās,3rd Person Feminine / Neutral Singular (dative)
433,eīxe,3rd Person Feminine / Neutral Singular (ablative)
434,eīxe,3rd Person Feminine / Neutral Singular (instrumental)
435,eīxē,3rd Person Feminine / Neutral Singular (offerative)
436,eīxi,3rd Person Feminine / Neutral Singular (accusative)
437,eīxī,3rd Person Feminine / Neutral Singular (locative)
438,eīxu,3rd Person Feminine / Neutral Singular (genitive)
439,ela,air
440,elor,to blow
441,elōs,blower
442,emior,to hold
443,emios,sure
444,emis,okay
445,emivor,to ensure
446,emmernuor,to slow down
447,emmeron,slow
448,emmeror,to be slow
449,emmevon,drowsy
450,emmevor,to drowse
451,emmicon,future (adjective)
452,emmicor,to become
453,emminirus,observation
454,emminon,observant
455,emminor,to observe
456,emplici,interest
457,emplicor,to be interested
458,emplior,to play
459,emplīos,casino
460,emprātor,to read
461,emprātōs,reader
462,emprātrus,reading
463,empria,luck
464,emprios,lucky
465,emprithor,to fold
466,empror,to happen
467,encādor,to hear
468,encāthon,obedient
469,encāthor,to obey
470,encelor,to evaporate
471,enciallos,robotic
472,encior,to serve
473,enciōs,robot
474,encitāmo,nightmare
475,encitia,balance
476,encitor,to weigh
477,encitos,heavy
478,encitus,weight
479,encuīor,to miss
480,endor,to bring
481,ēnellis,physically
482,ēnellos,physical
483,ēnes,body
484,ēnesīon,corporation
485,ēnesīonos,corporate
486,ēnesos,somatic
487,ēnon,existent
488,ēnor,to be / exist
489,enstavon,curious
490,enstavor,to learn
491,entunon,freezing
492,entunor,to freeze
493,entuon,cold (adjective)
494,entuor,to be cold
495,envelor,to relax
496,enves,ice
497,envesor,to engrave / record
498,envesos,icy
499,envixirus,behavior
500,envixor,to behave
501,envos,nice / cool
502,envumi,pulse
503,envumor,to pulse
504,ēpa,pain
505,ēpabis,painfully
506,ēpabos,painful
507,ēpasīos,painless
508,ēpi,harm
509,ēpia,sin
510,ēpiascor,to sin
511,ēpiascōs,sinner
512,ēpibos,harmful
513,ēpini,blame
514,ēpinor,to blame
515,ēpisīos,harmless
516,ēpithor,to suffer
517,ēpithos,sorry
518,ēpithrus,suffering
519,ēpor,to hurt
520,era,water
521,erāma,electronic
522,erāmafēcīscōrrus,electroencephalography
523,erāmo,energy
524,erāmora,electricity
525,erāmoros,electric
526,eres,money
527,eresiu,bank
528,erīon,liquid
529,erīonia,chemistry
530,erīonios,chemical
531,erīvos,humid
532,eron,current
533,eror,to flow
534,eros,wet
535,erros,fluid
536,erues,cloud
537,eruesos,cloudy
538,erui,rain
539,eruor,to rain
540,etia,life
541,etiāmos,young
542,etios,vital
543,etiūni,lifeform
544,etivōnia,biology
545,etivōnios,biological
546,eton,alive
547,etor,to live
548,ēvās,1st Person Singular (dative)
549,ēve,1st Person Singular (ablative)
550,ēve,1st Person Singular (instrumental)
551,ēvē,1st Person Singular (offerative)
552,ēvi,1st Person Singular (nominative)
553,ēvī,1st Person Singular (locative)
554,ēvu,1st Person Singular (genitive)
555,exāmos,bright
556,exāmuor,to brighten
557,exia,day
558,exiara,date
559,exnor,to clean
560,exnos,clean
561,exon,shiny
562,exona,metal
563,exonos,metallic
564,exor,to shine
565,exōs,ray
566,extor,to blind
567,extos,blind
568,feja,mind
569,fejabos,mindful
570,fejos,mental
571,feles,bomb
572,felescor,to bomb
573,felescrus,bombing
574,felirus,explosion
575,felon,explosive
576,felor,to blow out / explode
577,feor,to think
578,fēs,brain
579,ficulvor,to break out
580,fidinithon,exclusive
581,fidinithor,to exclude
582,fidinithrus,exclusion
583,fienciti,expense
584,fienciton,expensive
585,fiencitor,to spend / expend
586,fifei,commentary / comment
587,fifeor,to comment
588,fifoscor,to wear out
589,fihiunirus,evaluation
590,fihiunor,to evaluate
591,fihubon,expressive
592,fihubor,to express / print
593,fihubōs,printer
594,fihubrus,expression / printing
595,filumiros,evolutionary
596,filumirus,evolution
597,filumor,to evolve
598,fimecnīscor,to imitate
599,fimecnīscrus,imitation
600,fīna,escape
601,finastor,to abandon
602,finastrus,abandonment
603,finauthor,to disappear
604,finicni,exchange
605,finicnor,to exchange
606,finicror,to move out
607,fīnor,to throw out
608,fīnor,to escape
609,fīnus,trash / junk
610,fiperor,to emerge
611,fiperrus,emergence
612,firāti,choice
613,firātor,to choose
614,fīthon,imaginative
615,fithōr,to find out
616,fīthor,to imagine
617,fīthrus,imagination
618,fītor,to experience
619,fiuccaor,to accomplish
620,fiuccarus,accomplishment
621,fiveli,trigger
622,fivelor,to trigger
623,fivesor,to cut out
624,fivumbror,to pull out
625,fixi,appearance
626,fixia,image
627,fixor,to look like
628,fixus,trait
629,flacor,to erect
630,flacos,erect
631,flacrus,erection
632,flūnca,rebel (noun)
633,flūncos,rebel (adjective)
634,flūnor,to stand out
635,flūra,boss
636,flūscor,to rebel
637,flūscrus,rebellion
638,flūvi,head
639,flūvios,main
640,flūvīos,capital
641,flūviscor,to achieve
642,flūviscrus,achievement
643,fobisces,airplane
644,fobiscor,to fly
645,fobithor,to spread out
646,fobithus,wing
647,focra,egg
648,foma,clothing / clothes
649,fomi,web
650,fomīvi,filter
651,fomīviscor,to filter
652,fomīviscrus,filtration
653,fomor,to weave
654,fomus,screen
655,fonirus,education
656,fonon,educational
657,fonor,to educate
658,fonōs,educator
659,fornirus,exclamation
660,fornor,to exclaim
661,foscīvi,bird
662,foscor,to wear
663,fōthor,to emit
664,fōthrus,emission
665,frinor,to excuse
666,frōr,to expose
667,frorus,exposition
668,frūs,exposure
669,fūs,rate
670,hārāmos,alone
671,hārāncos,lonely
672,hāris,only / just
673,hārithor,to save
674,hārithos,safe
675,hārithōs,savior
676,hārnon,holy
677,hārnor,to heal
678,hārnos,sane
679,hāror,to be whole
680,hārros,whole
681,hārtos,pure
682,hārtuor,to purify
683,hārtuōs,purifier
684,hebithor,to crush
685,hebithos,pill
686,hebor,to press
687,hia,tree
688,hiara,wood
689,hiarca,penis / cock
690,hinīon,weed
691,hinor,to raise
692,hinvi,child
693,hinvia,childhood
694,hinvios,childish
695,hion,grass
696,hior,to grow
697,hiora,bush
698,hios,big
699,hiros,high
700,hīs,much
701,hiunithia,religion
702,hiunithiabis,religiously
703,hiunithiabos,religious
704,hiunithor,to worship
705,hiunor,to value
706,hiuror,to earn / deserve
707,hiurubos,profitable
708,hiurus,profit
709,hius,adult (noun)
710,hiuthon,brave
711,hiuthor,to be brave
712,hiva,cost
713,hivascor,to cost
714,hivi,worth
715,hivios,worthy
716,hivor,to be worth
717,hivos,adult (adjective)
718,i,of
719,īa,wealth
720,īabos,wealthy
721,ic,that
722,icī,beyond
723,icīos,there
724,icus,until
725,icusia,then
726,idres,gun
727,idrithes,machine gun
728,idrithor,to shoot with a machine gun
729,idror,to shoot
730,ifi,out / out of
731,ilitha,dummy
732,ilithon,silent
733,ilithor,to be silent
734,illos,soft
735,īllumbruor,to defend
736,īllumbrūs,defense
737,ilnor,to soften
738,ilor,to be soft
739,īn,against
740,inā,3rd Person Plural (nominative)
741,ināe,3rd Person Plural (ablative)
742,ināe,3rd Person Plural (instrumental)
743,ināē,3rd Person Plural (offerative)
744,ināex,3rd Person Paucal (ablative)
745,ināex,3rd Person Paucal (instrumental)
746,ināēx,3rd Person Paucal (offerative)
747,ināi,3rd Person Plural (accusative)
748,ināix,3rd Person Paucal (accusative)
749,inās,3rd Person Plural (dative)
750,ināx,3rd Person Paucal (dative)
751,ināx,3rd Person Paucal (nominative)
752,incios,kind / gentle
753,incira,species
754,incirascor,to specify
755,incirascrus,specification
756,inciris,specially
757,inciros,special
758,incis,kind / type
759,incīvi,baby
760,incor,to be born
761,incos,born
762,incus,birth
763,ines,box
764,inesiu,chest
765,īnhebon,oppressive
766,īnhebor,to oppress
767,īnhebos,oppressed
768,īnhebrus,oppression
769,inī,3rd Person Plural (locative)
770,īnithon,addictive
771,īnithor,to get addicted (to)
772,īnithos,addicted
773,īnithrus,addiction
774,inīx,3rd Person Paucal (locative)
775,innor,to give birth
776,innuos,natural
777,innus,nature
778,inō,3rd Person Plural (genitive)
779,inor,to throw
780,īnosirus,comparison
781,īnosor,to compare
782,inōx,3rd Person Paucal (genitive)
783,instos,capable
784,īr,for / before
785,īra,why / wherefore
786,īrāros,whyever / whysoever
787,īrat,from
788,īrata,front
789,īratāmos,primitive
790,īratascor,to confront
791,īratascrus,confrontation
792,īratincios,prototypical
793,īratincis,prototype
794,īratis,once
795,īrator,to be first
796,īratos,first
797,īratos,frontal
798,īrdos,herefore
799,īrēnon,present
800,īrēnor,to be present
801,īrernirus,proclamation
802,īrernor,to proclaim
803,īri,in front of
804,īric,therefore
805,īrincos,twin
806,īrini,trial
807,īrinirus,production
808,īrinon,productive
809,īrinor,to produce
810,īrinor,to try
811,īrinōs,producer
812,īrinus,product
813,īrior,to forbid
814,īrios,forbidden
815,īrīos,at the same place
816,īrīrnos,somewhy / for some reason
817,īrnios,someone / somebody
818,īrnīos,somewhere
819,īrnirus,simulation
820,īrnor,to simulate
821,īrnos,some
822,īrnōs,simulator
823,īrnōs miosiu,sex simulator
824,īrnuīos,somehow
825,īrnuor,to proceed
826,īrnūs,process
827,īrnusia,sometime / somewhen
828,īror,to be equal
829,īros,same
830,īrōthon,promising
831,īrōthor,to promise
832,īrōthrus,promise
833,īrprios,elsewise / in contrary
834,īrrēis,on purpose / deliberately
835,īrrēos,deliberate
836,īrroi,purpose
837,īrrōr,to propose
838,īrrorus,proposition
839,īrros,equal
840,īrrumirus,preparation
841,īrrumor,to prepare
842,īrrumos,ready
843,īrrūs,proposal
844,īrsī,not at all / little / nohow / not in the least / nowise
845,īrthosīos,shop
846,īrthosor,to sell
847,īrusia,at the same time
848,īrvīos,in the same way
849,īthor,to have to / must
850,īura,nine
851,īura carax,nine-hundred
852,īura caraxis,nine-hundred times
853,īura caraxos,nine-hundredth
854,īura metī,nine-thousand
855,īura metīis,nine-thousand times
856,īura metīos,nine-thousandth
857,īuramax,nineteen
858,īuramaxis,nineteen times
859,īuramaxos,nineteenth
860,īurax,ninety
861,īurax ābris,ninety-eight times
862,īurax ābro,ninety-eight
863,īurax ābros,ninety-eighth
864,īurax beī,ninety-six
865,īurax beīis,ninety-six times
866,īurax beīos,ninety-sixth
867,īurax cōd,ninety-seven
868,īurax cōdis,ninety-seven times
869,īurax cōdos,ninety-seventh
870,īurax īratis,ninety-one times
871,īurax īratos,ninety-first
872,īurax īura,ninety-nine
873,īurax īuris,ninety-nine times
874,īurax īuros,ninety-ninth
875,īurax mis,ninety-three times
876,īurax mo,ninety-three
877,īurax mos,ninety-third
878,īurax nō,ninety-one
879,īurax pōma,ninety-five
880,īurax pōmis,ninety-five times
881,īurax pōmos,ninety-fifth
882,īurax rax,ninety-two
883,īurax raxis,ninety-two times
884,īurax raxos,ninety-second
885,īurax sēni,ninety-four
886,īurax sēnios,ninety-fourth
887,īurax sēnīs,ninety-four times
888,īuraxis,ninety times
889,īuraxos,ninetieth
890,īuris,nine times
891,īuros,ninth
892,īx,3rd Person Masculine / Neutral Singular (nominative)
893,īxās,3rd Person Masculine / Neutral Singular (dative)
894,īxe,3rd Person Masculine / Neutral Singular (ablative)
895,īxe,3rd Person Masculine / Neutral Singular (instrumental)
896,īxē,3rd Person Masculine / Neutral Singular (offerative)
897,īxi,3rd Person Masculine / Neutral Singular (accusative)
898,īxī,3rd Person Masculine / Neutral Singular (locative)
899,īxu,3rd Person Masculine / Neutral Singular (genitive)
900,jala,lie
901,jalāmo,evil (noun)
902,jalāmos,evil (adjective)
903,jalithor,to deceive
904,jalithos,deceitful
905,jalithus,deceit
906,jalor,to lie (tell a lie)
907,jalōs,liar
908,jalthos,dupe
909,janor,to seek
910,jor,to have
911,josallos,social
912,josca,counterfeit
913,josni,match
914,josnor,to match
915,josor,to pair
916,josōs,partner
917,jostos,able
918,jostra,similar
919,jostraca,facsimile
920,ju,with
921,juccais,completely
922,juccāmuor,to condensate
923,juccāmurus,condensation
924,juccaor,to complete
925,juccaos,complete
926,juccī,within
927,jucculvi,collapse
928,jucculvor,to collapse
929,judinithon,conclusive
930,judinithor,to conclude
931,judinithrus,conclusion
932,juffeor,to consider
933,jufferus,consideration
934,juhhebon,compressive
935,juhhebor,to compress
936,juhhebrus,compression
937,jullides,instrument
938,jullidesos,instrumental
939,jullidor,to build
940,jullidus,building
941,jullinithor,to conquer
942,julllicor,to correct
943,julllicos,correct
944,julllicrus,correction
945,jullūni,system
946,jullūnios,systematic
947,jullūnor,to stand with
948,junnauthor,to consume
949,junnauthōs,consumer
950,junnauthrus,consumption
951,junnūni,contact
952,junnūnor,to contact
953,juppathor,to connect
954,juppathrus,connection
955,jūsīon,apartment
956,jūson,common
957,jūsoscor,to communicate
958,jūsoscrus,communication
959,jusseli,company
960,jusselor,to accompany
961,jutharvor,to comprehend
962,juthefon,confusing
963,juthefor,to confuse
964,juthefos,confused
965,juthefrus,confusion
966,juthefus,alloy
967,juthemprithor,to complicate
968,juthemprithos,complicated
969,juthēnon,consistent
970,juthēnor,to consist
971,jutheron,competitive
972,jutherona,competitivity
973,jutheror,to harmonize
974,jutheror,to compete
975,jutherōs,competitor
976,jutherrus,competition
977,juthinirus,conduction
978,juthinon,conductive
979,juthinor,to conduct
980,juthinōs,conductor
981,juthor,to contain
982,juthōs,container
983,juthosor,to buy
984,juthōthor,to commit
985,juthōthrus,commitment
986,juthramnor,to work together
987,juthramnōs,fellow
988,juthrāton,collective
989,juthrātor,to collect
990,juthrātōs,collector
991,juthrātrus,collection
992,juthrōn,component
993,juthrōr,to compose
994,juthubascar,to concentrate
995,juthubascrus,concentration
996,juthūnirus,conformation
997,juthūnor,to conform
998,juthus,content
999,juvelis,tribe
1000,juvelos,tribal
1001,juvēruor,to confirm
1002,juvēruōs,confirmation
1003,juvescor,to participate / take part
1004,juvescrus,participation
1005,juvesīvi,particle
1006,juvesīvios,particular
1007,juvesīvīs,particularly
1008,juvesor,to share
1009,juvesus,part
1010,juvevīon,correspondent
1011,juvevīor,to correspond
1012,juvī,yes
1013,juvīcnon,confident
1014,juvīcnor,to confide / entrust
1015,juvīuscor,to agree
1016,juvīuscrus,agreement
1017,juvumbror,to contract
1018,juvumbrus,contraction
1019,lacor,to straighten
1020,lacos,right (adjective)
1021,lacthi,norm / rule
1022,lacthios,normal
1023,lacthīs,normally
1024,lacthōīos,district
1025,lacthor,to rule
1026,lacthōs,ruler
1027,lacus,right (noun)
1028,lada,wall
1029,ladāmos,skyscraper
1030,lador,to pile up
1031,ladri,lust
1032,ladribos,lustful
1033,ladror,to lust after
1034,ladus,column / pillar
1035,lambria,environment
1036,lambrios,environmental
1037,lambros,round
1038,lambrues,fence
1039,lambrui,circumference
1040,lambruor,to surround
1041,lambrūos,circular
1042,lambrūs,circle
1043,lambrūscor,to circle
1044,lambrūscrus,circulation
1045,lames,valve
1046,lamor,to roll
1047,lana,desire
1048,lanithaja,victory
1049,lanithajos,victorious
1050,lanithi,win
1051,lanithor,to win
1052,lanithōs,winner
1053,lanor,to desire
1054,lastos,desireable
1055,laxor,to have the right
1056,lecni,hope
1057,lecnios,hopeful
1058,lecnīs,hopefully
1059,lecnor,to hope
1060,lecor,to want
1061,lecror,to ask
1062,lecrus,question
1063,lecruscor,to question
1064,lecrustos,questionable
1065,lecthāmo,luxury
1066,lecthāmos,luxurious
1067,lecthi,wish
1068,lecthios,wishful
1069,lecthor,to wish
1070,leīvi,tablet
1071,leva,table
1072,levia,stage
1073,levor,to stay
1074,levus,state
1075,lia,jump / leap
1076,liavos,spring / fountain / well / source
1077,lindros,old
1078,linnāmo,eternity
1079,linnāmos,eternal
1080,linni,age
1081,linnīora,worldly / sophisticated
1082,linnīos,world
1083,linnor,to age
1084,linor,to be old
1085,lior,to jump / leap
1086,līrīon,woman
1087,līrīonos,female
1088,lunca,murder
1089,luncos,murderous
1090,lūnor,to stand
1091,lunxor,to murder
1092,lunxōs,murderer
1093,manicnor,to lay against
1094,manicnos,objective
1095,manicnus,object
1096,mānor,to help
1097,mānus,help
1098,marnon,contagious
1099,marnor,to infect
1100,maror,to be sick / ill
1101,marōr,to oppose
1102,marorus,opposition
1103,marōs,opposite
1104,marros,sick / ill
1105,mavi,dance
1106,mavīos,club
1107,mavor,to dance
1108,max,ten
1109,maxis,ten times
1110,maxos,tenth
1111,mecni,verse / side
1112,mecnīon,version / copy
1113,mecnīscor,to copy
1114,mecnor,to flip
1115,mecor,to turn
1116,mecthi,storm
1117,mecthīon,weather
1118,mecthīora,temperature
1119,mecthor,to twist
1120,mecthus,wire
1121,mefi,snow
1122,mefor,to snow
1123,melia,spirit / soul
1124,melica,ghost
1125,melios,spiritual
1126,melor,to breathe
1127,melōs,animal
1128,mēnaja,presidency
1129,mēnithi,city
1130,mēnithia,politics
1131,mēnithīon,politician
1132,mēnithios,political
1133,mēnithor,to settle
1134,mēnor,to sit
1135,mēnōs,president
1136,mēpi,damage
1137,mēpon,damaging
1138,mēpor,to damage
1139,meres,boat / ship
1140,meresca,vagina
1141,merīos,island
1142,merīscor,to isolate
1143,meror,to swim
1144,methi,torture
1145,methor,to torture
1146,methōs,torturer
1147,metī,one-thousand
1148,metīāmis,one million times
1149,metīāmo,one million
1150,metīāmos,one millionth
1151,metīis,one-thousand times
1152,metīos,one-thousandth
1153,metīpēs / mp.,millimeter
1154,metīvi,sand
1155,metor,to grind
1156,mevi,sleep
1157,mevīos,area / arena
1158,mevor,to sleep
1159,mexor,to seem
1160,mhinor,to rise
1161,mini,wait
1162,minithon,attentive
1163,minithor,to pay attention
1164,minithrus,attention
1165,minon,patient
1166,minon,patient
1167,minor,to wait
1168,miosi,sex
1169,miosor,to have sex
1170,mis,three times
1171,mithor,to push
1172,mithus,offspring
1173,mnathor,to climb
1174,mnathōs,climber
1175,mneror,to function
1176,mnici,rest (sleep)
1177,mnicior,to rest
1178,mnicon,bothersome
1179,mnicor,to stir / bother
1180,mnicos,angry
1181,mnitia,secret (noun)
1182,mnitios,secret (adjective)
1183,mnitira,orgy
1184,mnitor,to hide
1185,mnitos,dark
1186,mnituor,to darken
1187,mnuis,originally
1188,mnuor,to come
1189,mnuos,original
1190,mnūs,origin
1191,mnūscor,to originate
1192,mo,three
1193,mo carax,three-hundred
1194,mo caraxis,three-hundred times
1195,mo caraxos,three-hundredth
1196,mo metī,three-thousand
1197,mo metīis,three-thousand times
1198,mo metīos,three-thousandth
1199,momax,thirteen
1200,momaxis,thirteen times
1201,momaxos,thirteenth
1202,mopērus,3D
1203,mor,to give
1204,mos,third
1205,mox,thirty
1206,mox ābris,thirty-eight times
1207,mox ābro,thirty-eight
1208,mox ābros,thirty-eighth
1209,mox beī,thirty-six
1210,mox beīis,thirty-six times
1211,mox beīos,thirty-sixth
1212,mox cōd,thirty-seven
1213,mox cōdis,thirty-seven times
1214,mox cōdos,thirty-seventh
1215,mox īratis,thirty-one times
1216,mox īratos,thirty-first
1217,mox īura,thirty-nine
1218,mox īuris,thirty-nine times
1219,mox īuros,thirty-ninth
1220,mox mis,thirty-three times
1221,mox mo,thirty-three
1222,mox mos,thirty-third
1223,mox nō,thirty-one
1224,mox pōma,thirty-five
1225,mox pōmis,thirty-five times
1226,mox pōmos,thirty-fifth
1227,mox rax,thirty-two
1228,mox raxis,thirty-two times
1229,mox raxos,thirty-second
1230,mox sēni,thirty-four
1231,mox sēnios,thirty-fourth
1232,mox sēnīs,thirty-four times
1233,moxis,thirty times
1234,moxos,thirtieth
1235,mus,gift
1236,muscia,talent
1237,muscios,talented
1238,muscor,to gift
1239,mūthi,dream
1240,mūthnirus,hallucination
1241,mūthnon,hallucinating
1242,mūthnor,to hallucinate
1243,mūthor,to dream
1244,na,without
1245,nacnanos,lower
1246,nacnatos,lowest
1247,nacnor,to lay
1248,nacnos,low
1249,nacnullis,legally
1250,nacnuos,legal
1251,nacnus,law
1252,nacor,to lie (as in bed)
1253,nāmīnīllos,western
1254,nāmīnīos,west
1255,nāmīon,night
1256,nāmo,sky
1257,nastor,to leave
1258,natha,meat
1259,nathnor,to stick
1260,nathor,to be sticky
1261,naunor,to empty
1262,nauros,empty
1263,nauthi,waste
1264,nauthīos,wasteland
1265,nauthor,to waste
1266,navīora,desertic
1267,navīos,desert
1268,navīs,temple
1269,navollos,godly
1270,navor,to be empty
1271,navos,god
1272,neāmo,moon
1273,neāmora,month
1274,neāmoros,monthly
1275,neca,cop
1276,nefa,feeling
1277,nefor,to feel (reflexive)
1278,nelli,use
1279,nellibos,useful
1280,nellios,usual
1281,nellīs,usually
1282,nellisīos,useless
1283,nellithi,abuse
1284,nellithor,to abuse
1285,nellithōs,abuser
1286,nellor,to use
1287,neor,to measure
1288,nerithor,to like
1289,nernor,to prove
1290,nernor,to please
1291,neror,to enjoy
1292,nerra,master
1293,nerrallos,masterly
1294,nerrascor,to master
1295,nerremnuos,welcome
1296,nerris,well (adverb)
1297,nerros,good
1298,nerruor,to be good
1299,nēs,roof
1300,nēs,rule (instrument)
1301,nescīos,library
1302,nescus,bark (of a tree) / book
1303,nēsīon,chamber
1304,nēsnīvi,camera
1305,neta,lid
1306,netes,skin
1307,netescor,to peel
1308,nethaja,police
1309,nethor,to protect
1310,nethōs,policeman / policewoman
1311,nethrus,protection
1312,netīca,slum
1313,netīos,room
1314,netīvi,cell
1315,netor,to cover
1316,netos,black
1317,netus,shadow
1318,nior,to catch
1319,nīvi,shell
1320,nīviscor,to calculate
1321,nīviscōs,calculator
1322,nīviscrus,calculation
1323,nō,one
1324,nōax,either
1325,nociu,grail
1326,nocni,change
1327,nocnor,to change
1328,nocor,to mix
1329,nocror,to move
1330,nocrus,movement / moment
1331,nocthi,trade
1332,nocthios,commercial
1333,nocthīos,market
1334,nocthīos netuos,black market
1335,nocthor,to trade
1336,nocus,mixture
1337,nōes,anything / whatever / whatsoever / something
1338,nōīos,anywhere / wherever / wheresoever
1339,nom,hi
1340,nōmax,eleven
1341,nōmaxis,eleven times
1342,nōmaxos,eleventh
1343,nōmprithis,simply
1344,nōmprithos,simple
1345,non,yet
1346,nōnios,anyone / anybody / whoever / whosoever
1347,nor,to do (abstract)
1348,nornon,amazing
1349,nornor,to amaze
1350,nōs,any
1351,nōusia,anytime / anywhen / whenever / whensoever
1352,nōvīos,anyhow / however / howsoever
1353,nōx,or
1354,nua,step / degree
1355,nucnor,to sharpen
1356,nucor,to be sharp
1357,nucros,sharp
1358,nuinos,closer
1359,nuīon,base
1360,nuīonis,basically
1361,nuīonos,basic
1362,nuīos,ground
1363,nuīscor,to base
1364,nuithāma,alley
1365,nuithāmis,exactly
1366,nuithāmos,narrow
1367,nuithor,to approach
1368,nuithos,near
1369,nuithra,neighbor
1370,nuithralis,neighborhood
1371,nuitos,next
1372,nūnes,finger
1373,nūnescor,to point
1374,nūnīon,digital
1375,nūnīonuor,to digitalize
1376,nūnor,to touch
1377,nuor,to step
1378,nūs,track
1379,nūscor,to track
1380,nūscōs,tracker
1381,nuxta,acid (noun)
1382,nuxtos,acid (adjective)
1383,obi,band
1384,obithor,to spread
1385,obīvi,bacteria
1386,obīvios,bacterial
1387,obor,to stretch
1388,obos,long
1389,obuor,to lengthen
1390,obus,tube
1391,ōd,and
1392,odor,to transmit
1393,odōs,transmitter
1394,oīāmo,road
1395,oīos,way
1396,oithor,to drive
1397,oithus,car
1398,olunor,to kill
1399,olunōs,killer
1400,olvia,death
1401,olvios,deadly
1402,olvor,to die
1403,olvos,dead
1404,ōmithaja,dictatorship
1405,ōmithor,to dictate
1406,ōmithōs,dictator
1407,ōmor,to say
1408,onia,government
1409,onor,to lead
1410,onōs,leader
1411,ōnos,further
1412,ōnuor,to continue
1413,ōnurus,continuation
1414,ōr,to go
1415,ora,sound
1416,ornom,hello
1417,ornor,to call
1418,ornos,clear
1419,ornus,class
1420,oror,to sound
1421,os,through
1422,ōs,far
1423,osānirus,preservation
1424,osānor,to preserve
1425,oscion,transparent
1426,osciona,transparisteel
1427,oscior,to look through
1428,osculnor,to cut open
1429,osinirus,translation
1430,osinor,to translate
1431,osinōs,translator
1432,osoes,knife
1433,osoi,piercing
1434,osōr,to go through / pierce
1435,osōthon,permissive
1436,osōthor,to allow
1437,osōthrus,permission
1438,osūca,stain
1439,osūcasīos,stainless
1440,osūnirus,performance
1441,osūnor,to perform
1442,osūs,point
1443,osūsces,paint
1444,osūscor,to paint
1445,osūscōs,painter
1446,osūscus,painting
1447,ōthon,missile
1448,ōthor,to send
1449,ōthrus,mission
1450,ōtos,furthest
1451,parīos,bottom
1452,paror,to dive
1453,paros,deep
1454,paruor,to deepen
1455,pasti,ally
1456,pastia,alliance
1457,pastor,to ally
1458,patha,neuron
1459,pathes,chain
1460,pathescor,to chain
1461,pathodōs,neurotransmitter
1462,pathor,to bind
1463,pathōs,bridge
1464,pathus,bond
1465,pella,corpse
1466,pellor,to rot
1467,pellus,rotten
1468,penerris,though / although
1469,pēor,to measure
1470,per,if
1471,pernor,to fell
1472,peror,to fall
1473,pērus,dimension / measurement
1474,pēs / p.,meter
1475,pōma,five
1476,pōma carax,five-hundred
1477,pōma caraxis,five-hundred times
1478,pōma caraxos,five-hundredth
1479,pōma metī,five-thousand
1480,pōma metīis,five-thousand times
1481,pōma metīos,five-thousandth
1482,pōmax,fifteen
1483,pōmaxis,fifteen times
1484,pōmaxos,fifteenth
1485,pōmis,five times
1486,pōmos,fifth
1487,pōns,fifty
1488,pōns ābris,fifty-eight times
1489,pōns ābro,fifty-eight
1490,pōns ābros,fifty-eighth
1491,pōns beī,fifty-six
1492,pōns beīis,fifty-six times
1493,pōns beīos,fifty-sixth
1494,pōns cōd,fifty-seven
1495,pōns cōdis,fifty-seven times
1496,pōns cōdos,fifty-seventh
1497,pōns īratis,fifty-one times
1498,pōns īratos,fifty-first
1499,pōns īura,fifty-nine
1500,pōns īuris,fifty-nine times
1501,pōns īuros,fifty-ninth
1502,pōns mis,fifty-three times
1503,pōns mo,fifty-three
1504,pōns mos,fifty-third
1505,pōns nō,fifty-one
1506,pōns pōma,fifty-fifty
1507,pōns pōmis,fifty-fifty times
1508,pōns pōmos,fifty-fifty
1509,pōns rax,fifty-two
1510,pōns raxis,fifty-two times
1511,pōns raxos,fifty-second
1512,pōns sēni,fifty-four
1513,pōns sēnios,fifty-fourth
1514,pōns sēnīs,fifty-four times
1515,pōnsis,fifty times
1516,pōnsos,fiftieth
1517,pries,something else / else / other
1518,priīos,elsewhere
1519,prinios,another / someone else / somebody else
1520,prios,other
1521,prithor,to fail
1522,prithus,failure
1523,priusia,elsewhen / another time
1524,privīos,otherwise
1525,prumirus,action
1526,prumon,active
1527,prumor,to act
1528,prumus,act
1529,rā,2nd Person Singular (nominative)
1530,rāe,2nd Person Singular (ablative)
1531,rāe,2nd Person Singular (instrumental)
1532,rāē,2nd Person Singular (offerative)
1533,rāi,2nd Person Singular (accusative)
1534,rāī,2nd Person Singular (locative)
1535,ramax,twelve
1536,ramaxis,twelve times
1537,ramaxos,twelfth
1538,rambros,fast
1539,ramithor,to falsify
1540,ramithos,false / fake
1541,ramnellos,organic
1542,ramnes,organ
1543,ramni,work
1544,ramnia,organism
1545,ramnis,at work
1546,ramnon,busy
1547,ramnor,to work
1548,ramnōs,worker
1549,ramor,to make (concrete)
1550,ranca,thing / stuff
1551,rancīon,real
1552,rās,2nd Person Singular (dative)
1553,rasax,twenty
1554,rasax ābris,twenty-eight times
1555,rasax ābro,twenty-eight
1556,rasax ābros,twenty-eighth
1557,rasax beī,twenty-six
1558,rasax beīis,twenty-six times
1559,rasax beīos,twenty-sixth
1560,rasax cōd,twenty-seven
1561,rasax cōdis,twenty-seven times
1562,rasax cōdos,twenty-seventh
1563,rasax īratis,twenty-one times
1564,rasax īratos,twenty-first
1565,rasax īura,twenty-nine
1566,rasax īuris,twenty-nine times
1567,rasax īuros,twenty-ninth
1568,rasax mis,twenty-three times
1569,rasax mo,twenty-three
1570,rasax mos,twenty-third
1571,rasax nō,twenty-one
1572,rasax pōma,twenty-five
1573,rasax pōmis,twenty-five times
1574,rasax pōmos,twenty-fifth
1575,rasax rax,twenty-two
1576,rasax raxis,twenty-two times
1577,rasax raxos,twenty-second
1578,rasax sēni,twenty-four
1579,rasax sēnios,twenty-fourth
1580,rasax sēnīs,twenty-four times
1581,rasaxis,twenty times
1582,rasaxos,twentieth
1583,rastos,easy
1584,rāthi,harvest
1585,rāthīrrumos,harvest-ready
1586,rāthiscor,to harvest
1587,rāthor,to pluck
1588,rātis,together
1589,rātīvi,molecule
1590,rātīvos,molecular
1591,rātor,to gather
1592,rātos,crowded / crammed / frequent / repeated
1593,rātror,to put together
1594,rātus,mass
1595,rāu,2nd Person Singular (genitive)
1596,rax,two
1597,rax carax,two-hundred
1598,rax caraxis,two-hundred times
1599,rax caraxos,two-hundredth
1600,rax metī,two-thousand
1601,rax metīis,two-thousand times
1602,rax metīos,two-thousandth
1603,raxesi,device
1604,raxesirus,division
1605,raxesor,to divide
1606,raxesos,wide
1607,raxis,twice
1608,raxos,second
1609,raxprithor,to duplicate
1610,raxprithos,duplicate
1611,raxprithrus,duplication
1612,raxum,between
1613,res,tool
1614,rī,2nd Person Plural (locative)
1615,riā,2nd Person Plural (nominative)
1616,riāe,2nd Person Plural (ablative)
1617,riāe,2nd Person Plural (instrumental)
1618,riāē,2nd Person Plural (offerative)
1619,riāex,2nd Person Paucal (ablative)
1620,riāex,2nd Person Paucal (instrumental)
1621,riāēx,2nd Person Paucal (offerative)
1622,riāi,2nd Person Plural (accusative)
1623,riāix,2nd Person Paucal (accusative)
1624,riās,2nd Person Plural (dative)
1625,riāx,2nd Person Paucal (dative)
1626,riāx,2nd Person Paucal (nominative)
1627,rini,condition
1628,rinor,to cause
1629,riō,2nd Person Plural (genitive)
1630,riōx,2nd Person Paucal (genitive)
1631,rīsīāmo,country
1632,rīsīon,land
1633,ritha,plant
1634,rithascirus,cultivation
1635,rithascor,to plant
1636,rithascos,cultural
1637,rithascus,culture
1638,rithīon,place
1639,rithīos,field
1640,rithīscor,to place
1641,rithnor,to flatten
1642,rithor,to be flat
1643,rithros,flat
1644,rīx,2nd Person Paucal (locative)
1645,rōr,to put
1646,scāma,steel
1647,scāmia,force
1648,scāmiascor,to force
1649,scāmīvi,ammunition
1650,scāmos,strong
1651,scāmuor,to strengthen
1652,scinallos,windy
1653,scinor,to blow
1654,scinōs,wind
1655,scinōscor,to ventilate
1656,scinōscrus,ventilation
1657,scithīros,brother
1658,scithor,to bleed
1659,scithos,cruel
1660,scithus,blood
1661,scor,to swell
1662,scōri,sign
1663,scōrithor,to tear
1664,scōror,to scratch
1665,seles,mouth
1666,selesca,muzzle
1667,selescor,to muzzle
1668,sellōīvi,uncle
1669,sellōmo,grandfather
1670,sellōs,father
1671,selni,food
1672,selnor,to feed
1673,selōca,giant (noun)
1674,selōcos,giant (adjective)
1675,selor,to eat
1676,sēni,four
1677,sēni carax,four-hundred
1678,sēni caraxis,four-hundred times
1679,sēni caraxos,four-hundredth
1680,sēni metī,four-thousand
1681,sēni metīis,four-thousand times
1682,sēni metīos,four-thousandth
1683,sēnimax,fourteen
1684,sēnimaxis,fourteen times
1685,sēnimaxos,fourteenth
1686,sēnios,forth
1687,sēnīs,four times
1688,sēnix,forty
1689,sēnix ābris,forty-eight times
1690,sēnix ābro,forty-eight
1691,sēnix ābros,forty-eighth
1692,sēnix beī,forty-six
1693,sēnix beīis,forty-six times
1694,sēnix beīos,forty-sixth
1695,sēnix cōd,forty-seven
1696,sēnix cōdis,forty-seven times
1697,sēnix cōdos,forty-seventh
1698,sēnix īratis,forty-one times
1699,sēnix īratos,forty-first
1700,sēnix īura,forty-nine
1701,sēnix īuris,forty-nine times
1702,sēnix īuros,forty-ninth
1703,sēnix mis,forty-three times
1704,sēnix mo,forty-three
1705,sēnix mos,forty-third
1706,sēnix nō,forty-one
1707,sēnix pōma,forty-five
1708,sēnix pōmis,forty-five times
1709,sēnix pōmos,forty-fifth
1710,sēnix rax,forty-two
1711,sēnix raxis,forty-two times
1712,sēnix raxos,forty-second
1713,sēnix sēni,forty-four
1714,sēnix sēnios,forty-fourth
1715,sēnix sēnīs,forty-four times
1716,sēnixis,forty times
1717,sēnixos,fortieth
1718,seor,to start / begin
1719,Serānīos,New Tower
1720,seros,new
1721,si,up
1722,sī,not
1723,siacī,about
1724,siānor,to monitor
1725,siānōs,monitor
1726,siat,over
1727,sīax,neither
1728,sica,love
1729,sicara,boyfriend / girlfrield
1730,sīcelīoros,inhuman
1731,sicīlirus,absorption
1732,sicīlor,to absorb
1733,sicīvi,friend
1734,sicnor,to make love
1735,sicor,to love
1736,sicōs,lover
1737,sicthor,to believe
1738,sicthōs,believer
1739,sicthus,belief
1740,sīdathrascos,unlimited
1741,sīdostis,unbearably
1742,sīdostos,unbearable
1743,sīemios,unsure
1744,sīencāthon,disobedient
1745,sīencitia,imbalance
1746,siendor,to teach
1747,siendōs,teacher
1748,siendrus,teaching
1749,sīes,nothing
1750,sīesā,you're welcome
1751,sīhārithos,unsafe
1752,sīhārnos,insane
1753,sīinnuos,unnatural
1754,sījostos,unable
1755,sījulllicos,incorrect
1756,sījūson,uncommon
1757,sīlacthios,abnormal
1758,sīlecnios,hopeless
1759,sīminor,impatient
1760,sīnacnullis,illegally
1761,sīnacnuos,illegal
1762,sinca,whore
1763,sīnellios,unusual
1764,sīnios,no one / nobody
1765,sīo,zero
1766,sīornos,unclear
1767,sīos,nowhere
1768,sīosūs,pointless
1769,sīprumon,inactive
1770,sīrancīon,unreal
1771,sīstaunios,powerless
1772,sīstauron,unaware
1773,sīstaustos,impossible
1774,sīstavos,unknown
1775,sīsthallos,cynical
1776,sīsthōs,cynic
1777,sīthlacos,indirect
1778,sithon,inventive
1779,sithōr,to invent
1780,sithorus,invention
1781,sithōs,inventor
1782,siūnirus,transformation
1783,siūnor,to transform
1784,sīusia,never / nowhen
1785,sīutos,micro
1786,sīutovestrus,microchip
1787,sīvāmos,nano
1788,sīvēos,injust / unfair
1789,sīvi,no
1790,sīvīon,infant
1791,sīvīos,no way
1792,sivīunor,to convince
1793,sivixor,to record
1794,sīxeciton,independent
1795,sīxedascis,indefinitely
1796,sīxedascos,indefinite
1797,sīxedon,indifferent
1798,stascon,rich
1799,stascor,to own
1800,stascos,own
1801,stascōs,owner
1802,staunia,power
1803,staunios,powerful
1804,staunor,to be able / can
1805,stauron,aware
1806,stauror,to be aware
1807,stauros,wise
1808,staustos,possible
1809,stava,idea
1810,stavi,knowledge
1811,stavia,science
1812,stavisica,philosophy
1813,stavon,conscious
1814,stavor,to know
1815,stavos,known
1816,stōnaja,mechanism
1817,stōnallos,mechanical
1818,stōnōs,machine
1819,stōrnirus,awakening
1820,stōrnor,to wake up / awaken
1821,stōrnos,awake
1822,suffrāton,intelligent
1823,suffrātor,to discern
1824,suīvi,small
1825,suīvira / su.,minute
1826,sum,among
1827,sūxīmbus,colorful
1828,sūxīon,color
1829,sūxīscor,to color
1830,tanithes,number
1831,tanithīon,algorithm
1832,tanithor,to count
1833,tanithōs,computer
1834,tanor,to tell
1835,themnues,weapon
1836,themnuon,aggressive
1837,themnuor,to attack
1838,thenathnirus,addition
1839,thenathnor,to add
1840,thencādor,to belong
1841,thenerni,approval
1842,thenernor,to approve
1843,theperor,to happen an accident
1844,theperuos,accidental
1845,theperus,accident
1846,thevixirus,adoption
1847,thevixon,adoptive
1848,thevixor,to adopt
1849,thlacor,to direct
1850,thlacos,direct
1851,thlacrus,direction
1852,thōr,to find
1853,thornirus,acclamation
1854,thornor,to acclaim
1855,thosoi,access
1856,thosōr,to access
1857,thōthor,to admit
1858,thōthrus,admission
1859,thrinirus,accusation
1860,thrinor,to accuse
1861,thrinus,category
1862,tra,to / towards
1863,trasi,upward
1864,tri,by
1865,trios,behind
1866,trobos,along
1867,tua,stone
1868,tuithon,while / during
1869,tuithor,to last
1870,tuīvi,nut / nucleus
1871,tuīvios,nuclear
1872,tūnīllos,northern
1873,tūnīos,north
1874,tunor,to harden
1875,tuor,to be hard
1876,turos,hard
1877,ūni,form
1878,ūnīon,caliber
1879,ūnirus,formation
1880,ūniscor,to modify
1881,ūniscrus,modification
1882,ūnor,to form
1883,ūnura,plasmid
1884,ūnus,plasma
1885,usia,time
1886,vada,hole
1887,vadaca,asshole
1888,vador,to dig
1889,vadus,grave
1890,vambror,to pull
1891,vames,heart
1892,vamirus,battery
1893,vamithor,to fight
1894,vāmo,war
1895,vamor,to beat
1896,vasci,credit
1897,vascor,to credit
1898,vāscor,to get
1899,ve,again
1900,vehebon,repressive
1901,vehebor,to repress
1902,vehebos,repressed
1903,vehebrus,repression
1904,veini,research
1905,veinor,to research
1906,veinōs,researcher
1907,vēithnos,better
1908,vēithor,to fit
1909,vēittos,best
1910,vejullidor,to rebuild / reconstruct
1911,vejullidrus,reconstruvtion
1912,vemprithor,to replicate
1913,vemprithus,replicate
1914,vencior,to reserve
1915,venicror,to remove
1916,vēnor,to join
1917,vēnus,arm
1918,vēor,to fasten
1919,veornirus,complaint
1920,veornor,to complain
1921,vēos,just / fair
1922,veraxprithor,to reduplicate
1923,veraxprithrus,reduplication
1924,verinor,to refuse
1925,verinus,refusal
1926,verōr,to replace
1927,verorus,replacement
1928,vēros,firm
1929,verumes,cloning machine
1930,verumor,to clone
1931,verumus,clone
1932,vēruor,to firm
1933,vesi,limb
1934,vesirus,section
1935,vesni,wound
1936,vesnia,trauma
1937,vesnor,to wound
1938,vesnos,wounded
1939,vesor,to cut
1940,vesos,short
1941,vesti,mark / brand
1942,vestor,to mark
1943,vestror,to chop
1944,vestrus,chip
1945,vesuis,briefly
1946,vesuīvicies,microscope
1947,vesuor,to shorten
1948,vesuos,brief
1949,vesus,shape
1950,vesuscor,to shape
1951,vetramon,automatic
1952,vetramor,to make something by oneself
1953,vetroluni,suicide
1954,vetrolunor,to commit suicide
1955,veūnirus,reform
1956,veūnor,to reform
1957,vevelirus,solution
1958,vevelor,to solve
1959,vevī,answer
1960,vevidon,reproductive
1961,vevidor,to reproduce
1962,vevidrus,reproduction
1963,vevīor,to answer
1964,vevīstos,responsible
1965,vī,1st Person Plural (locative)
1966,viā,1st Person Plural (nominative)
1967,viāe,1st Person Plural (ablative)
1968,viāe,1st Person Plural (instrumental)
1969,viāē,1st Person Plural (offerative)
1970,viāex,1st Person Paucal (ablative)
1971,viāex,1st Person Paucal (instrumental)
1972,viāēx,1st Person Paucal (offerative)
1973,viāi,1st Person Plural (accusative)
1974,viāix,1st Person Paucal (accusative)
1975,viās,1st Person Plural (dative)
1976,viāx,1st Person Paucal (dative)
1977,viāx,1st Person Paucal (nominative)
1978,vīca,truth
1979,vīcabos,truthful
1980,vīcni,trust
1981,vīcnibos,trustworthy
1982,vīcnor,to trust
1983,vīcor,to be true
1984,vīcris,truly
1985,vīcros,true 
1986,vida,daughter
1987,vidi,art
1988,vidīros,sister
1989,vidīvi,miniature
1990,vidivōnia,technology
1991,vidivōnīon,artificial
1992,vidivōnīon asuffrāton,artificial intelligence
1993,vidivōnios,technological
1994,vidor,to create / produce
1995,vidrus,creation
1996,vidus,creature
1997,vīnirus,reduction
1998,vinnēon,matter
1999,vinni,son
2000,vinnia,gene
2001,vinnialis,genome
2002,,
2003,vinniodavos / V.,DNA
2004,vinnios,genetic / genetical
2005,vinnios arveburus,genetical manipulation
2006,vinnirus,generation
2007,vinniruscor,to generate
2008,vinnor,to beget / give birth
2009,vinnōs,mother
2010,vinnus,birth
2011,vīnon,reductive
2012,vīnor,to reduce
2013,viō,1st Person Plural (genitive)
2014,viōx,1st Person Paucal (genitive)
2015,vīuni,talk
2016,vīunor,to talk
2017,vīuthi,command
2018,vīuthor,to command
2019,vīuthōs,commander
2020,vīves,voice
2021,vīvesci,vote
2022,vīvescor,to vote
2023,vīvia,language
2024,vīvon,speaker
2025,vīvor,to speak
2026,vīx,1st Person Paucal (locative)
2027,vīx,very
2028,vixor,to take
2029,vixtor,to steal
2030,vixtōs,thief
2031,vixtus,theft
2032,volithor,to loose
2033,vollos,loose
2034,volnor,to free
2035,volnos,free
2036,volor,to loosen
2037,vōnia,study
2038,vōnor,to study
2039,vrumes,cloning machine
2040,vrumirus,cloning
2041,vrumor,to clone
2042,vrumus,clone
2043,vuces,vase / glass
2044,vucīos,bar
2045,vucor,to drink
2046,vuxāmo,crater
2047,xat,after
2048,xatrumor,to mock
2049,xe,off / away
2050,xecādor,to decline
2051,xeciton,dependent
2052,xecitor,to depend
2053,xedascis,definitely
2054,xedascor,to define
2055,xedascos,definite
2056,xedon,different / odd
2057,xedor,to differ
2058,xedothus,oddspring
2059,xefoscor,to wear off
2060,xelidor,to destroy
2061,xelidrus,destruction
2062,xelinithi,defeat
2063,xelinithor,to defeat
2064,xelumirus,development
2065,xelumor,to develop
2066,xemici,fun
2067,xemicor,to have fun
2068,xeniti,discovery
2069,xenitor,to discover
2070,xēnon,absent
2071,xēnor,to be absent
2072,xest,above
2073,xevelis,absolutely
2074,xevelor,to dissolve
2075,xevelos,absolute
2076,xevesirus,decision
2077,xevesor,to cut off / decide
2078,xevixor,to take off
2079,xevumbror,to pull off
2080,xhebon,depressive
2081,xhebor,to depress
2082,xhebos,depressed
2083,xhebrus,depression
2084,xia,fire
2085,xies,coal / carbon
2086,xījullūni,eco-system
2087,ximbos,bread
2088,xini,bubble
2089,xinīon,alcohol
2090,xinīonos,alcoholic
2091,xinor,to boil
2092,xion,warm
2093,xīon,house
2094,xionuor,to warm
2095,xior,to owe / should
2096,xior,to burn
2097,xios,brown
2098,xīos,fireplace
2099,xirīllos,southern
2100,xirīos,south
2101,xiror,to glow
2102,xiros,hot
2103,xirōs,sun
2104,xiu,focus
2105,xīulis,constellation
2106,xius,debt
2107,xiuscor,to focus
2108,xīvi,star
2109,xornirus,declaration
2110,xornor,to declare
2111,xōthon,omissive
2112,xōthor,to omit
2113,xōthrus,omission
2114,xūnirus,deformation
2115,xūnor,to deform
2116,tuithon,durasteel
2117,nerruon,serotonin
2118,avon,adrenaline
2119,īravon,dopamine
2120,cohon,ammonia
2121,nucon,sour
2122,nucomblona,acetylcholine
2123,blona,yellow / bile
2124,cohonos,amic
2125,nathoncohonos,glutamate
2126,prumnos,allergy
2127,prumnon,histamine
2128,scīvi,kidney
2129,laxiscīvion,norepinephrine
2130,cohīon,amine
2131,illa,butter
2132,illīon,butyric
2133,ce-cohīonillīon nuxta / CCIN,gamma-aminobutyric acid
2134,fivixor,to take out
2135,encitiascor,to balance
2136,fomīon,panel
,cuīni,needy
,emminor,observant
,fihubrus,expression
,inor,to catch
,jalithos,dupe
,minithor,attentive
,minor,patient
,mnicor,to rest
,navīos,temple
,tuīvi,nut
,vinniodavos,DNA