Caīon,English
a,that (conjunction)
aba,center
aballos,central
aballuor,to centralize
abascar,to center
abes,mean (noun)
abon,middle (adjective)
ābon,middle (noun)
abor,to be in the middle (of)
ābrax,eighty
ābrax ābris,eighty-eight times
ābrax ābro,eighty-eight
ābrax ābros,eighty-eighth
ābrax beī,eighty-six
ābrax beīis,eighty-six times
ābrax beīos,eighty-sixth
ābrax cōd,eighty-seven
ābrax cōdis,eighty-seven times
ābrax cōdos,eighty-seventh
ābrax īratis,eighty-one times
ābrax īratos,eighty-first
ābrax īura,eighty-nine
ābrax īuris,eighty-nine times
ābrax īuros,eighty-ninth
ābrax mis,eighty-three times
ābrax mo,eighty-three
ābrax mos,eighty-third
ābrax nō,eighty-one
ābrax pōma,eighty-five
ābrax pōmis,eighty-five times
ābrax pōmos,eighty-fifth
ābrax rax,eighty-two
ābrax raxis,eighty-two times
ābrax raxos,eighty-second
ābrax sēni,eighty-four
ābrax sēnios,eighty-fourth
ābrax sēnīs,eighty-four times
ābraxis,eighty times
ābraxos,eightieth
ābris,eight times
ābro,eight
ābro carax,eight-hundred
ābro caraxis,eight-hundred times
ābro caraxos,eight-hundredth
ābro metī,eight-thousand
ābro metīis,eight-thousand times
ābro metīos,eight-thousandth
ābromax,eighteen
ābromaxis,eighteen times
ābromaxos,eighteenth
ābros,eighth
acinos,beauty
acratos,majority
acuīos,poverty
adandros,craziness
adastos,flexibility
aēnon,existence
ahārithos,safety
ahios,size
ahiros,height
ahiuthon,bravery
ailithon,silence
ailithoscor,to silence
aillos,softness
aimmicon,future (noun)
aimminor,observance
aincāthon,obedience
aincios,kindness / gentleness
ainstavon,curiosity
ainstos,capacity
aintua,fridge
aintuon,cold (noun)
aīos,where
aīrēnon,presence
aīrinon,productivity
airīvos,humidity
aīrros,equality
ais,what
aitiāmos,youth
aixtos,blindness
ajosallos,society
ajostos,ability
ajostra,similarity
ajūson,community
ajuthēnon,consistency
ajuthinon,conductivity
ajuvevīon,correspondence
ajuvīcnon,confidence
aladribos,lustfulness
alastos,desireableness
ām,because of
amanicnos,objectivity
amarros,sickness / illness
amelios,spirituality
aminithor,attentiveness
aminor,patience
amnicos,anger
amnitos,darkness
anauros,emptiness
anellibos,usefulness
anellisīos,uselessness
āni,tower
anios,who
ānirus,surveillance
ānithor,to guard / watch over
ānithōs,guard
ānnon,alarming
ānnor,to alarm
ānor,to watch
ānōs,watcher
anucros,sharpness
aōs,distance
aparos,depth
aprumon,activity
arambros,speed
aramnon,business
arancīon,reality
arātos,frequency
ārax,both
araxesos,width
āres,everything / all
ārīos,everywhere
ārnios,everyone / everybody / all
āros,every / all
ārostaunios,almighty
ārusia,ever / always
arvebos,handful
arvebuor,to manipulate
arveburus,manipulation
arves,hand
arvesci,deal
arvescor,to deal
arvescōs,dealer
ārvīos,everyway
arvor,to grab
ascāmos,strength
asīhārnos,insanity
asījostos,inability
asīminor,impatience
asīstaustos,impossibility
asithon,inventiveness
asīvēos,injustice
asīxedon,indifference
astascōs,ownership
astauron,awareness
astauros,wisdom
astaustos,possiblity
astavon,consciousness
asuffrāton,intelligence
athemnuon,aggressiveness
aubos,length
aulvios,deadliness
aunāmo,monster
aunāmos,monstrous
auni,fear
aunia,danger
aunios,dangerous
auniscon,fearsome
auniscor,to fear
auniscos,afraid
aunor,to frighten
aunōs,leader
aures,taser
auri,shock
aurnos,clarity
auron,shocking
auror,to shock
ausia,when
avēos,justice
avēros,firmness
avevīstos,responsibility
avinnios,genetics
avīos,how / as / like / than
avolnos,freedom
avon,adrenaline
avor,to shake
avror,to grasp
āx,which (out of two)
axedon,difference
axēnon,absence
axion,warmth
axiros,heat
axirra / ax.,celsius
beī,six
beī carax,six-hundred
beī caraxis,six-hundred times
beī caraxos,six-hundredth
beī metī,six-thousand
beī metīis,six-thousand times
beī metīos,six-thousandth
beīis,six times
beīmax,sixteen
beīmaxis,sixteen times
beīmaxos,sixteenth
beīos,sixth
beīx,sixty
beīx ābris,sixty-eight times
beīx ābro,sixty-eight
beīx ābros,sixty-eighth
beīx beī,sixty-six
beīx beīis,sixty-six times
beīx beīos,sixty-sixth
beīx cōd,sixty-seven
beīx cōdis,sixty-seven times
beīx cōdos,sixty-seventh
beīx īratis,sixty-one times
beīx īratos,sixty-first
beīx īura,sixty-nine
beīx īuris,sixty-nine times
beīx īuros,sixty-ninth
beīx mis,sixty-three times
beīx mo,sixty-three
beīx mos,sixty-third
beīx nō,sixty-one
beīx pōma,sixty-five
beīx pōmis,sixty-five times
beīx pōmos,sixty-fifth
beīx rax,sixty-two
beīx raxis,sixty-two times
beīx raxos,sixty-second
beīx sēni,sixty-four
beīx sēnios,sixty-fourth
beīx sēnīs,sixty-four times
beīxis,sixty times
beīxos,sixtieth
beles,tooth
beli,bite
belon,bitter
belor,to bite
belōs,dog
blona,yellow / bile
cādī,down
cādīos,hill
cādon,client
cādor,to lean
caīon,of the people
cais,people
calīora,human (noun)
calīoros,human (adjective)
calīos,earth
calīscor,to bury
calīvi,terrarium
calīvira,which belongs to a terrarium
calnor,to dry
calnus,drug
calnuscor,to take drugs
calnuscōs,drug user
calor,to be dry
calus,bone
calusis,skeleton
cāmīos,jungle
cāmo,poison
cāmos,poisonous
cāmos,thick
cāmuor,to thicken
caor,to fill
caos,full
carax,one-hundred
caraxis,one-hundred times
caraxos,one-hundredth
caros,many
cator,to hang
ce-cohīonillīon nuxta / CCIN,gamma-aminobutyric acid
cēa,hate / hatred
cēāmo,rage
cēascor,to hate
cēascōs,enemy
cī,in / on / at
cīabor,to intermediate
cīabrus,intermediation
cīanos,fewer / less
cīarvon,understanding (adjective)
cīarvor,to understand
cīarvrus,understanding (noun)
cīatos,under
ciavos,mirror
ciavoscor,to mirror
cīculvor,to invade
cīculvōs,invader
cīculvrus,invasion
cīdascor,to lock
cīdini,invite
cīdinirus,invitation
cīdinithon,inclusive
cīdinithor,to include
cīdinithrus,inclusion
cīdinor,to invite
cīemior,to keep
cies,eye
ciesci,look
ciescor,to look
ciesīon,glass
cīhebon,impressive
cīhebor,to impress
cīhebos,impressed
cīhebrus,impression
cīhebus,imprint
cīhius,embryo
cīlor,to suck
cīmor,to insert
cīnicor,to incubate
cīnicōs,incubator
cīnicror,to move in
cīnīora,prisoner
cīnīos,prison
cīnirus,imprisonment
cīnirus,induction
cīnon,inductive
cinor,to show
cīnor,to imprison
cīnor,to induce
cinos,beautiful
cīnōs,inductor
ciom,goodbye
ciom xat,see you later / see you
ciomor,to say goodbye (informal)
cior,to see
cīperor,to immerse
cīperus,immersion
cīrōr,to impose
cīrorus,imposition
cīrōs,impostor
cirus,vision / view
cīscōror,to write
cīscōrōs,writer
cīscōrrus,writing
cīūnirus,information
cīūnor,to inform
cius,sight
cīvixor,to accept
clīor,man
clīoros,male
cluīvi,twig
cluīvīon,branch
clura,data
cluriu,database
cluthi,crime
cluthios,criminal (adjective)
cluthor,to commit a crime
cluthōs,criminal (noun)
cōd,seven
cōd carax,seven-hundred
cōd caraxis,seven-hundred times
cōd caraxos,seven-hundredth
cōd metī,seven-thousand
cōd metīis,seven-thousand times
cōd metīos,seven-thousandth
cōdax,seventy
cōdax ābris,seventy-eight times
cōdax ābro,seventy-eight
cōdax ābros,seventy-eighth
cōdax beī,seventy-six
cōdax beīis,seventy-six times
cōdax beīos,seventy-sixth
cōdax cōd,seventy-seven
cōdax cōdis,seventy-seven times
cōdax cōdos,seventy-seventh
cōdax īratis,seventy-one times
cōdax īratos,seventy-first
cōdax īura,seventy-nine
cōdax īuris,seventy-nine times
cōdax īuros,seventy-ninth
cōdax mis,seventy-three times
cōdax mo,seventy-three
cōdax mos,seventy-third
cōdax nō,seventy-one
cōdax pōma,seventy-five
cōdax pōmis,seventy-five times
cōdax pōmos,seventy-fifth
cōdax rax,seventy-two
cōdax raxis,seventy-two times
cōdax raxos,seventy-second
cōdax sēni,seventy-four
cōdax sēnios,seventy-fourth
cōdax sēnīs,seventy-four times
cōdaxis,seventy times
cōdaxos,seventieth
cōdis,seven times
cōdos,seventh
cohīon,amine
cohithi,stench / stink
cohithon,stinky
cohithor,to stink
cohon,ammonia
cohonos,amic
cohor,to smell
cōmax,seventeen
cōmaxis,seventeen times
cōmaxos,seventeenth
conni,smoke
connīon,smudge / dirt
connīonos,dirty
connira,mist
connīvi,vape
connor,to smoke
cranos,more
cratos,most
cuī,lack
cuī,so / such / like that
cuīni,need
cuīnios,needy
cuīnor,to need
cuīor,to lack
cuīos,few / little
cuīos,poor
culnor,to open
culvor,to break
culvus,piece
dana,key
dandros,crazy
danīollos,coastal
danīos,coast
danithor,to close
danithos,confines
danor,to bend
danos,bad
danus,back (noun)
dascor,to end / finish
dastos,flexible
dathra,limit
dathrascor,to limit
dathrascos,limited
dathrascrus,limitation
dathrīon,border
dathrīscor,to border
dathus,end
davos,carrier
des,car
dīos,here
doni,load
doniāmo,burden
doniāscor,to burden
donor,to load
dōnos,worse
dor,to carry / bear
dos,this
dostos,bearable
dothi,control
dothor,to control
dothōs,controller
dōtos,worst
dusia,now
ē,1st Person Singular (accusative)
ecri,dawn
ecrīllos,eastern
ecrios,early
ecrīos,east
ecror,to dawn
efica,forgery
efithor,to forge
efor,to melt
efrus,fusion
eīx,3rd Person Feminine / Neutral Singular (nominative)
eīxās,3rd Person Feminine / Neutral Singular (dative)
eīxe,3rd Person Feminine / Neutral Singular (ablative)
eīxe,3rd Person Feminine / Neutral Singular (instrumental)
eīxē,3rd Person Feminine / Neutral Singular (offerative)
eīxi,3rd Person Feminine / Neutral Singular (accusative)
eīxī,3rd Person Feminine / Neutral Singular (locative)
eīxu,3rd Person Feminine / Neutral Singular (genitive)
ela,air
elor,to blow
elōs,blower
emior,to hold
emios,sure
emis,okay
emivor,to ensure
emmernuor,to slow down
emmeron,slow
emmeror,to be slow
emmevon,drowsy
emmevor,to drowse
emmicon,future (adjective)
emmicor,to become
emminirus,observation
emminon,observant
emminor,to observe
emplici,interest
emplicor,to be interested
emplicthor,to check
emplior,to play
emplīos,casino
emplīvi,playground
emprātor,to read
emprātōs,reader
emprātrus,reading
empria,luck
empriai,maybe
emprios,lucky
emprithor,to fold
empror,to happen
emuor,to make sure
encādor,to hear
encāthon,obedient
encāthor,to obey
encelor,to evaporate
enciallos,robotic
encior,to serve
enciōs,robot
encitāmo,nightmare
encitia,balance
encitiascor,to balance
encitor,to weigh
encitos,heavy
encitus,weight
encuīor,to miss
endor,to bring
ēnellis,physically
ēnellos,physical
ēnes,body
ēnesīon,corporation
ēnesīonos,corporate
ēnesos,somatic
ēnet ais!,come on!
ēnon,existent
ēnor,to be / exist
enstavon,curious
enstavor,to learn
entunon,freezing
entunor,to freeze
entuon,cold (adjective)
entuor,to be cold
envelor,to relax
enves,ice
envesor,to engrave / record
envesos,icy
envixirus,behavior
envixor,to behave
envos,nice / cool
envumi,pulse
envumor,to pulse
ēpa,pain
ēpabis,painfully
ēpabos,painful
ēpasīos,painless
ēpi,harm
ēpia,sin
ēpiascor,to sin
ēpiascōs,sinner
ēpibos,harmful
ēpini,blame
ēpinor,to blame
ēpisīos,harmless
ēpithor,to suffer
ēpithos,sorry
ēpithrus,suffering
ēpor,to hurt
era,water
erāma,electronic
erāmafēcīscōrrus,electroencephalography
erāmo,energy
erāmora,electricity
erāmoros,electric
eres,money
eresiu,bank
erīon,liquid
erīonia,chemistry
erīonios,chemical
erīvos,humid
eron,current
eronuor,to update
eror,to flow
eros,wet
erros,fluid
erues,cloud
eruesos,cloudy
erui,rain
eruor,to rain
etia,life
etiāmos,young
etios,vital
etiūni,lifeform
etivōnia,biology
etivōnios,biological
eton,alive
etor,to live
ēvās,1st Person Singular (dative)
ēve,1st Person Singular (ablative)
ēve,1st Person Singular (instrumental)
ēvē,1st Person Singular (offerative)
ēvi,1st Person Singular (nominative)
ēvī,1st Person Singular (locative)
ēvu,1st Person Singular (genitive)
exāmos,bright
exāmuor,to brighten
exia,day
exiara,date
exnor,to clean
exnos,clean
exon,shiny
exona,metal
exonos,metallic
exor,to shine
exōs,ray
extor,to blind
extos,blind
feja,mind
fejabos,mindful
fejos,mental
feles,bomb
felescor,to bomb
felescrus,bombing
felirus,explosion
felon,explosive
felor,to blow out / explode
feor,to think
fēs,brain
fianor,to explore
ficulvor,to break out
fidinithon,exclusive
fidinithor,to exclude
fidinithrus,exclusion
fienciti,expense
fienciton,expensive
fiencitor,to spend / expend
fifei,commentary / comment
fifeor,to comment
fifoscor,to wear out
fihiunirus,evaluation
fihiunor,to evaluate
fihubon,expressive
fihubor,to express / print
fihubōs,printer
fihubrus,expression / printing
filumiros,evolutionary
filumirus,evolution
filumor,to evolve
fimecnīscor,to imitate
fimecnīscrus,imitation
fīna,escape
finastor,to abandon
finastrus,abandonment
finauthor,to disappear
finicni,exchange
finicnor,to exchange
finicror,to move out
fīnor,to escape
fīnor,to throw out
fīnus,trash / junk
fiperor,to emerge
fiperrus,emergence
firāti,choice
firātor,to choose
fīthon,imaginative
fithōr,to find out
fīthor,to imagine
fīthrus,imagination
fītor,to experience
fiuccaor,to accomplish
fiuccarus,accomplishment
fiveli,trigger
fivelor,to trigger
fivesor,to cut out
fivixor,to take out
fivumbror,to pull out
fixi,appearance
fixia,image
fixīon,comic book
fixor,to look like
fixus,trait
flacor,to erect
flacos,erect
flacrus,erection
flūnca,rebel (noun)
flūncos,rebel (adjective)
flūnor,to stand out
flūra,boss
flūscor,to rebel
flūscrus,rebellion
flūvi,head
flūvios,main
flūvīos,capital
flūviscor,to achieve
flūviscrus,achievement
fobisces,airplane
fobiscor,to fly
fobithor,to spread out
fobithus,wing
focra,egg
foma,clothing / clothes
fomi,web
fomīon,panel
fomīvi,filter
fomīviscor,to filter
fomīviscrus,filtration
fomor,to weave
fomus,screen
fonirus,education
fonon,educational
fonor,to educate
fonōs,educator
fornirus,exclamation
fornor,to exclaim
foscīvi,bird
foscor,to wear
fōthor,to emit
fōthrus,emission
frinor,to excuse
frōr,to expose
frorus,exposition
frūs,exposure
fūs,rate
hārāmos,alone
hārāncos,lonely
hāris,only / just
hārithor,to save
hārithos,safe
hārithōs,savior
hārnon,holy
hārnor,to heal
hārnos,sane
hāror,to be whole
hārros,whole
hārtos,pure
hārtuor,to purify
hārtuōs,purifier
hebithor,to crush
hebithos,pill
hebor,to press
hia,tree
hiara,wood
hiarca,penis / cock
hilira,savage
hilis,forest
hinīon,weed
hinor,to raise
hinvi,child
hinvia,childhood
hinvios,childish
hion,grass
hior,to grow
hiora,bush
hios,big
hiros,high
hīs,much
hiunithia,religion
hiunithiabis,religiously
hiunithiabos,religious
hiunithor,to worship
hiunor,to value
hiuror,to earn / deserve
hiurubos,profitable
hiurus,profit
hius,adult (noun)
hiuthon,brave
hiuthor,to be brave
hiva,cost
hivascor,to cost
hivi,worth
hivios,worthy
hivor,to be worth
hivos,adult (adjective)
i,of
īa,wealth
īabos,wealthy
ic,that
icī,beyond
icīos,there
icus,until
icusia,then
idres,gun
idrithes,machine gun
idrithor,to shoot with a machine gun
idror,to shoot
ifi,out / out of
ilitha,dummy
ilithon,silent
ilithor,to be silent
illa,butter
illīon,butyric
illos,soft
īllumbruor,to defend
īllumbrūs,defense
ilnor,to soften
ilor,to be soft
īn,against
inā,3rd Person Plural (nominative)
ināe,3rd Person Plural (ablative)
ināe,3rd Person Plural (instrumental)
ināē,3rd Person Plural (offerative)
ināex,3rd Person Paucal (ablative)
ināex,3rd Person Paucal (instrumental)
ināēx,3rd Person Paucal (offerative)
ināi,3rd Person Plural (accusative)
ināix,3rd Person Paucal (accusative)
inās,3rd Person Plural (dative)
ināx,3rd Person Paucal (dative)
ināx,3rd Person Paucal (nominative)
incios,kind / gentle
incira,species
incirascor,to specify
incirascrus,specification
inciris,specially
inciros,special
incis,kind / type
incīvi,baby
incor,to be born
incos,born
incus,birth
ines,box
inesiu,chest
īnhebon,oppressive
īnhebor,to oppress
īnhebos,oppressed
īnhebrus,oppression
inī,3rd Person Plural (locative)
īnithon,addictive
īnithor,to get addicted (to)
īnithos,addicted
īnithrus,addiction
inīx,3rd Person Paucal (locative)
innor,to give birth
innuos,natural
innus,nature
inō,3rd Person Plural (genitive)
inor,to throw
īnosirus,comparison
īnosor,to compare
inōx,3rd Person Paucal (genitive)
instos,capable
inus,problem / trouble
īr,for / before
īra,why / wherefore
īrāros,whyever / whysoever
īrat,from
īrata,front
īratāmos,primitive
īratascor,to confront
īratascrus,confrontation
īratincios,prototypical
īratincis,prototype
īratis,once
īrator,to be first
īratos,first
īratos,frontal
īravon,dopamine
īrdos,herefore
īrendor ,to edit
īrendrus ,edition 
īrēnon,present
īrēnor,to be present
īrernirus,proclamation
īrernor,to proclaim
īri,in front of
īric,therefore
īrincos,twin
īrini,trial
īrinirus,production
īrinon,productive
īrinor,to produce
īrinor,to try
īrinōs,producer
īrinus,product
īrior,to forbid
īrios,forbidden
īrīos,at the same place
īrīrnos,somewhy / for some reason
īrnios,someone / somebody
īrnīos,somewhere
īrnirus,simulation
īrnor,to simulate
īrnos,some
īrnōs,simulator
īrnōs miosiu,sex simulator
īrnuīos,somehow
īrnuor,to proceed
īrnūs,process
īrnusia,sometime / somewhen
īror,to be equal
īros,same
īrōthon,promising
īrōthor,to promise / swear
īrōthrus,promise
īrprios,elsewise / in contrary
īrrēis,on purpose / deliberately
īrrēos,deliberate
īrroi,purpose
īrrōr,to propose
īrrorus,proposition
īrros,equal
īrrumirus,preparation
īrrumor,to prepare
īrrumos,ready
īrrūs,proposal
īrsī,not at all / little / nohow / not in the least / nowise
īrthosīos,shop
īrthosīos,shop
īrthosor,to sell
īrusia,at the same time
īrvīos,in the same way
īthor,to have to / must
īura,nine
īura carax,nine-hundred
īura caraxis,nine-hundred times
īura caraxos,nine-hundredth
īura metī,nine-thousand
īura metīis,nine-thousand times
īura metīos,nine-thousandth
īuramax,nineteen
īuramaxis,nineteen times
īuramaxos,nineteenth
īurax,ninety
īurax ābris,ninety-eight times
īurax ābro,ninety-eight
īurax ābros,ninety-eighth
īurax beī,ninety-six
īurax beīis,ninety-six times
īurax beīos,ninety-sixth
īurax cōd,ninety-seven
īurax cōdis,ninety-seven times
īurax cōdos,ninety-seventh
īurax īratis,ninety-one times
īurax īratos,ninety-first
īurax īura,ninety-nine
īurax īuris,ninety-nine times
īurax īuros,ninety-ninth
īurax mis,ninety-three times
īurax mo,ninety-three
īurax mos,ninety-third
īurax nō,ninety-one
īurax pōma,ninety-five
īurax pōmis,ninety-five times
īurax pōmos,ninety-fifth
īurax rax,ninety-two
īurax raxis,ninety-two times
īurax raxos,ninety-second
īurax sēni,ninety-four
īurax sēnios,ninety-fourth
īurax sēnīs,ninety-four times
īuraxis,ninety times
īuraxos,ninetieth
īuris,nine times
īuros,ninth
īx,3rd Person Masculine / Neutral Singular (nominative)
īxās,3rd Person Masculine / Neutral Singular (dative)
īxe,3rd Person Masculine / Neutral Singular (ablative)
īxe,3rd Person Masculine / Neutral Singular (instrumental)
īxē,3rd Person Masculine / Neutral Singular (offerative)
īxi,3rd Person Masculine / Neutral Singular (accusative)
īxī,3rd Person Masculine / Neutral Singular (locative)
īxu,3rd Person Masculine / Neutral Singular (genitive)
jadror,to follow
jadrus,consequence
jala,lie
jalāmo,evil (noun)
jalāmos,evil (adjective)
jalithor,to deceive
jalithos,deceitful
jalithus,deceit
jalor,to lie (tell a lie)
jalōs,liar
jalthos,dupe
janor,to seek
jor,to have
josa,parent
josallos,social
josca,counterfeit
josni,match
josnor,to match
josor,to pair
josōs,partner
jostos,able
jostra,similar
jostraca,facsimile
ju,with
ju,yeah (informal)
juccais,completely
juccāmuor,to condensate
juccāmurus,condensation
juccaor,to complete
juccaos,complete
juccī,within
jucculvi,collapse
jucculvor,to collapse
judinithon,conclusive
judinithor,to conclude
judinithrus,conclusion
juffeor,to consider
jufferus,consideration
juhhebon,compressive
juhhebor,to compress
juhhebrus,compression
jullides,instrument
jullidesos,instrumental
jullidor,to build
jullidus,building
jullinithor,to conquer
julllicor,to correct
julllicos,correct
julllicrus,correction
jullūni,system
jullūnios,systematic
jullūnor,to stand with
junnauthor,to consume
junnauthōs,consumer
junnauthrus,consumption
junnūni,contact
junnūnor,to contact
juppathor,to connect
juppathrus,connection
jūsīon,apartment
jūson,common
jūsoscor,to communicate
jūsoscrus,communication
jusseli,company
jusselor,to accompany
jutharvor,to comprehend
juthefon,confusing
juthefor,to confuse
juthefos,confused
juthefrus,confusion
juthefus,alloy
juthemprithor,to complicate
juthemprithos,complicated
juthēnon,consistent
juthēnor,to consist
jutheron,competitive
jutherona,competitivity
jutheror,to compete
jutheror,to harmonize
jutherōs,competitor
jutherrus,competition
juthinirus,conduction
juthinon,conductive
juthinor,to conduct
juthinōs,conductor
juthor,to contain
juthōs,container
juthosor,to buy
juthōthor,to commit
juthōthrus,commitment
juthramnor,to work together
juthramnōs,fellow
juthrāton,collective
juthrātor,to collect
juthrātōs,collector
juthrātrus,collection
juthrōn,component
juthrōr,to compose
juthubascar,to concentrate
juthubascrus,concentration
juthūnirus,conformation
juthūnor,to conform
juthus,content
juvelis,tribe
juvelos,tribal
juvēruor,to confirm
juvēruōs,confirmation
juvescor,to participate / take part
juvescrus,participation
juvesīvi,particle
juvesīvios,particular
juvesīvīs,particularly
juvesor,to share
juvesus,part
juvevīon,correspondent
juvevīor,to correspond
juvī,yes
juvīcnon,confident
juvīcnor,to confide / entrust
juvīuscor,to agree
juvīuscrus,agreement
juvumbror,to contract
juvumbrus,contraction
lacor,to straighten
lacos,right (adjective)
lacror,to set up
lacthi,norm / rule
lacthios,normal
lacthīs,normally
lacthōīos,district
lacthor,to rule
lacthōs,ruler
lacus,right (noun)
lada,wall
ladāmos,skyscraper
lador,to pile up
ladri,lust
ladribos,lustful
ladror,to lust after
ladus,column / pillar
lambria,environment
lambrios,environmental
lambris,around
lambros,round
lambrues,fence
lambrui,circumference
lambruor,to surround
lambrūos,circular
lambrūs,circle
lambrūscor,to circle
lambrūscrus,circulation
lames,valve
lamor,to roll
lana,desire
lanithaja,victory
lanithajos,victorious
lanithi,win
lanithor,to win
lanithōs,winner
lanor,to desire
lastos,desireable
laxiscīvion,norepinephrine
laxor,to have the right
lecni,hope
lecnios,hopeful
lecnīs,hopefully
lecnor,to hope
lecor,to want
lecror,to ask
lecrus,question
lecruscor,to question
lecrustos,questionable
lecthāmo,luxury
lecthāmos,luxurious
lecthi,wish
lecthios,wishful
lecthor,to wish
leīvi,tablet
leva,table
levia,stage
levor,to stay
levus,state
lia,jump / leap
liavos,spring / fountain / well / source
lindros,old
linna,madam
linnāmo,eternity
linnāmos,eternal
linni,age
linnīora,worldly / sophisticated
linnīos,world
linnor,to age
linor,to be old
lior,to jump / leap
liōs,jester
līrīon,woman
līrīonos,female
lunca,murder
luncos,murderous
lūnor,to stand
lunxor,to murder
lunxōs,murderer
manicnor,to lay against
manicnos,objective
manicnus,object
mānor,to help
mānus,help
maratos,last
marithor,to inch / move slowly
marnon,contagious
marnor,to infect
maror,to be sick / ill
marōr,to oppose
marorus,opposition
maros,late
marōs,opposite
marros,sick / ill
mavi,dance
mavīos,club
mavor,to dance
max,ten
maxis,ten times
maxos,tenth
meca,cat
mecni,verse / side
mecnīon,version / copy
mecnīscor,to copy
mecnor,to flip
mecor,to turn
mecthi,storm
mecthīon,weather
mecthīora,temperature
mecthor,to twist
mecthus,wire
mefi,snow
mefor,to snow
melia,spirit / soul
melica,ghost
melios,spiritual
melor,to breathe
melōs,animal
mēnaja,presidency
mēnithāmo,metropolis
mēnithi,city
mēnithia,politics
mēnithīon,politician
mēnithios,political
mēnithor,to settle
mēnor,to sit
mēnōs,president
mēpi,damage
mēpon,damaging
mēpor,to damage
meres,boat / ship
meresca,vagina
merīos,island
merīscor,to isolate
meror,to swim
methi,torture
methor,to torture
methōs,torturer
metī,one-thousand
metīāmis,one million times
metīāmo,one million
metīāmos,one millionth
metīis,one-thousand times
metīos,one-thousandth
metīpēs / mp.,millimeter
metīvi,sand
metor,to grind
mevi,sleep
mevīos,area / arena
mevor,to sleep
mexor,to seem
mhinor,to rise
mini,wait
minithon,attentive
minithor,to pay attention
minithrus,attention
minon,patient
minor,to wait
miosi,sex
miosor,to have sex
mis,three times
mithor,to push
mithus,offspring
mnathor,to climb
mnathōs,climber
mneror,to function
mnici,rest (sleep)
mnicior,to rest
mnicon,bothersome
mnicor,to stir / bother
mnicos,angry
mnitia,secret (noun)
mnitios,secret (adjective)
mnitira,orgy
mnitor,to hide
mnitos,dark
mnituor,to darken
mnuis,originally
mnuor,to come
mnuos,original
mnūs,origin
mnūscor,to originate
mo,three
mo carax,three-hundred
mo caraxis,three-hundred times
mo caraxos,three-hundredth
mo metī,three-thousand
mo metīis,three-thousand times
mo metīos,three-thousandth
momax,thirteen
momaxis,thirteen times
momaxos,thirteenth
mopērus,3D
mor,to give
mos,third
mox,thirty
mox ābris,thirty-eight times
mox ābro,thirty-eight
mox ābros,thirty-eighth
mox beī,thirty-six
mox beīis,thirty-six times
mox beīos,thirty-sixth
mox cōd,thirty-seven
mox cōdis,thirty-seven times
mox cōdos,thirty-seventh
mox īratis,thirty-one times
mox īratos,thirty-first
mox īura,thirty-nine
mox īuris,thirty-nine times
mox īuros,thirty-ninth
mox mis,thirty-three times
mox mo,thirty-three
mox mos,thirty-third
mox nō,thirty-one
mox pōma,thirty-five
mox pōmis,thirty-five times
mox pōmos,thirty-fifth
mox rax,thirty-two
mox raxis,thirty-two times
mox raxos,thirty-second
mox sēni,thirty-four
mox sēnios,thirty-fourth
mox sēnīs,thirty-four times
moxis,thirty times
moxos,thirtieth
mus,gift
muscia,talent
muscios,talented
muscor,to gift
mūthi,dream
mūthīos,paradise
mūthnirus,hallucination
mūthnon,hallucinating
mūthnor,to hallucinate
mūthor,to dream
na,without
nacnanos,lower
nacnatos,lowest
nacnor,to lay
nacnos,low
nacnullis,legally
nacnuos,legal
nacnus,law
nacor,to lie (as in bed)
nāmīnīllos,western
nāmīnīos,west
nāmīon,night
nāmo,sky
nastor,to leave
natha,meat
nathaca,carnage
nathnor,to stick
nathoncohonos,glutamate
nathor,to be sticky
naunor,to empty
nauros,empty
nauthi,waste
nauthīos,wasteland
nauthor,to waste
navīora,desertic
navīos,desert
navīs,temple
navollos,godly
navor,to be empty
navos,god
neāmo,moon
neāmora,month
neāmoros,monthly
neca,cop
nefa,feeling
nefor,to feel (reflexive)
nelli,use
nellibos,useful
nellios,usual
nellīs,usually
nellisīos,useless
nellithi,abuse
nellithor,to abuse
nellithōs,abuser
nellor,to use
neor,to measure
nerithor,to like
nernor,to please
nernor,to prove
nernos,thank you
neror,to enjoy
nerra,master
nerrallos,masterly
nerrascor,to master
nerremnuos,welcome
nerris,well (adverb)
nerros,good
nerruon,serotonin
nerruor,to be good
nēs,roof
nēs,rule (instrument)
nescīos,library
nescus,bark (of a tree) / book
nēsīon,chamber
nēsnīvi,camera
neta,lid
netes,skin
netescor,to peel
nethaja,police
nethor,to protect
nethōs,policeman / policewoman
nethrus,protection
netīca,slum
netīos,room
netīvi,cell
netor,to cover
netos,black
netus,shadow
nior,to catch
nīvi,shell
nīviscor,to calculate
nīviscōs,calculator
nīviscrus,calculation
nō,one
nōax,either
nociu,grail
nocni,change
nocnor,to change
nocor,to mix
nocror,to move
nocrus,movement / moment
nocthi,trade
nocthios,commercial
nocthīos,market
nocthīos netuos,black market
nocthor,to trade
nocus,mixture
nōes,anything / whatever / whatsoever / something
nōīos,anywhere / wherever / wheresoever
nom,hey
nom,hi
nōmax,eleven
nōmaxis,eleven times
nōmaxos,eleventh
nōmprithis,simply
nōmprithos,simple
non,yet
nōnios,anyone / anybody / whoever / whosoever
nor,to do (abstract)
nornon,amazing
nornor,to amaze
nōs,any
nōusia,anytime / anywhen / whenever / whensoever
nōvīos,anyhow / however / howsoever
nōx,or
nua,step / degree
nucnor,to sharpen
nucomblona,acetylcholine
nucon,sour
nucor,to be sharp
nucros,sharp
nuinos,closer
nuīon,base
nuīonis,basically
nuīonos,basic
nuīos,ground
nuīscor,to base
nuithāma,alley
nuithāmis,exactly
nuithāmos,narrow
nuithor,to approach
nuithos,near
nuithra,neighbor
nuithralis,neighborhood
nuitos,next
nūnes,finger
nūnescor,to point
nūnīon,digital
nūnīonuor,to digitalize
nūnor,to touch
nuor,to step
nūs,track
nūscor,to track
nūscōs,tracker
nuxta,acid (noun)
nuxtos,acid (adjective)
obi,band
obithor,to spread
obīvi,bacteria
obīvios,bacterial
obor,to stretch
obos,long
obuor,to lengthen
obus,tube
ōd,and
odor,to transfer
odor,to transmit
odōs,transmitter
odrus,transaction
oīāmo,road
oīos,way
oīoscor,to travel
oīoscus,travel / trip
oithor,to drive
oithus,car
oīvo,door
olca,hell
olunor,to kill
olunōs,killer
olvia,death
olvios,deadly
olvor,to die
olvos,dead
ōmithaja,dictatorship
ōmithor,to dictate
ōmithōs,dictator
ōmor,to say
onia,government
onor,to lead
onōs,leader
ōnos,further
ōnuor,to continue
ōnurus,continuation
ōr,to go
ora,sound
orithor,to cry
ornom,hello
ornor,to call
ornos,clear
ornus,class
oror,to sound
os,through
ōs,far
osānirus,preservation
osānor,to preserve
oscion,transparent
osciona,transparisteel
oscior,to look through
osculnor,to cut open
osinirus,translation
osinor,to translate
osinōs,translator
osoes,knife
osoi,piercing
osōn,thought-provoking
osōr,to go through / pierce
osōthon,permissive
osōthor,to allow
osōthrus,permission
osūca,stain
osūcasīos,stainless
osūnirus,performance
osūnor,to perform
osūs,point
osūsces,paint
osūscor,to paint
osūscōs,painter
osūscus,painting
ōthon,missile
ōthor,to send
ōthrus,mission
ōtos,furthest
parīos,bottom
paror,to dive
paros,deep
paruor,to deepen
pasti,ally
pastia,alliance
pastor,to ally
patha,neuron
pathes,chain
pathescor,to chain
pathodōs,neurotransmitter
pathor,to bind
pathōs,bridge
pathus,bond
pella,corpse
pellor,to rot
pellus,rotten
penerris,though / although
pēor,to measure
per,if
perāmo,downfall
pernor,to fell
peror,to fall
pērus,dimension / measurement
pēs / p.,meter
pōma,five
pōma carax,five-hundred
pōma caraxis,five-hundred times
pōma caraxos,five-hundredth
pōma metī,five-thousand
pōma metīis,five-thousand times
pōma metīos,five-thousandth
pōmax,fifteen
pōmaxis,fifteen times
pōmaxos,fifteenth
pōmis,five times
pōmos,fifth
pōns,fifty
pōns ābris,fifty-eight times
pōns ābro,fifty-eight
pōns ābros,fifty-eighth
pōns beī,fifty-six
pōns beīis,fifty-six times
pōns beīos,fifty-sixth
pōns cōd,fifty-seven
pōns cōdis,fifty-seven times
pōns cōdos,fifty-seventh
pōns īratis,fifty-one times
pōns īratos,fifty-first
pōns īura,fifty-nine
pōns īuris,fifty-nine times
pōns īuros,fifty-ninth
pōns mis,fifty-three times
pōns mo,fifty-three
pōns mos,fifty-third
pōns nō,fifty-one
pōns pōma,fifty-fifty
pōns pōmis,fifty-fifty times
pōns pōmos,fifty-fifty
pōns rax,fifty-two
pōns raxis,fifty-two times
pōns raxos,fifty-second
pōns sēni,fifty-four
pōns sēnios,fifty-fourth
pōns sēnīs,fifty-four times
pōnsis,fifty times
pōnsos,fiftieth
pries,something else / else / other
priīos,elsewhere
prinios,another / someone else / somebody else
prios,other
prithor,to fail
prithus,failure
priusia,elsewhen / another time
privīos,otherwise
prumirus,action
prumnon,histamine
prumnos,allergy
prumon,active
prumor,to act
prumus,act
rā,2nd Person Singular (nominative)
rāe,2nd Person Singular (ablative)
rāe,2nd Person Singular (instrumental)
rāē,2nd Person Singular (offerative)
rāi,2nd Person Singular (accusative)
rāī,2nd Person Singular (locative)
ramax,twelve
ramaxis,twelve times
ramaxos,twelfth
rambros,fast
ramithor,to falsify
ramithos,false / fake
ramnellos,organic
ramnes,organ
ramni,work
ramnia,organism
ramnis,at work
ramnon,busy
ramnor,to work
ramnōs,worker
ramnuor,to worry
ramor,to make (concrete)
ranca,thing / stuff
rancīon,real
rās,2nd Person Singular (dative)
rasax,twenty
rasax ābris,twenty-eight times
rasax ābro,twenty-eight
rasax ābros,twenty-eighth
rasax beī,twenty-six
rasax beīis,twenty-six times
rasax beīos,twenty-sixth
rasax cōd,twenty-seven
rasax cōdis,twenty-seven times
rasax cōdos,twenty-seventh
rasax īratis,twenty-one times
rasax īratos,twenty-first
rasax īura,twenty-nine
rasax īuris,twenty-nine times
rasax īuros,twenty-ninth
rasax mis,twenty-three times
rasax mo,twenty-three
rasax mos,twenty-third
rasax nō,twenty-one
rasax pōma,twenty-five
rasax pōmis,twenty-five times
rasax pōmos,twenty-fifth
rasax rax,twenty-two
rasax raxis,twenty-two times
rasax raxos,twenty-second
rasax sēni,twenty-four
rasax sēnios,twenty-fourth
rasax sēnīs,twenty-four times
rasaxis,twenty times
rasaxos,twentieth
rastos,easy
rāthi,harvest
rāthīrrumos,harvest-ready
rāthiscor,to harvest
rāthor,to pluck
rātis,together
rātīvi,molecule
rātīvos,molecular
rātor,to gather
rātos,crowded / crammed / frequent / repeated
rātror,to put together
rātus,mass
rāu,2nd Person Singular (genitive)
rax,two
rax carax,two-hundred
rax caraxis,two-hundred times
rax caraxos,two-hundredth
rax metī,two-thousand
rax metīis,two-thousand times
rax metīos,two-thousandth
raxesi,device
raxesirus,division
raxesor,to divide
raxesos,wide
raxis,twice
raxos,second
raxprithor,to duplicate
raxprithos,duplicate
raxprithrus,duplication
raxum,between
res,tool
rī,2nd Person Plural (locative)
riā,2nd Person Plural (nominative)
riāe,2nd Person Plural (ablative)
riāe,2nd Person Plural (instrumental)
riāē,2nd Person Plural (offerative)
riāex,2nd Person Paucal (ablative)
riāex,2nd Person Paucal (instrumental)
riāēx,2nd Person Paucal (offerative)
riāi,2nd Person Plural (accusative)
riāix,2nd Person Paucal (accusative)
riās,2nd Person Plural (dative)
riāx,2nd Person Paucal (dative)
riāx,2nd Person Paucal (nominative)
rini,condition
rinor,to cause
riō,2nd Person Plural (genitive)
riōx,2nd Person Paucal (genitive)
rīsīāmo,country
rīsīon,land
ritha,plant
rithascirus,cultivation
rithascor,to plant
rithascos,cultural
rithascus,culture
rithīon,place
rithīos,field
rithīscor,to place
rithnor,to flatten
rithor,to be flat
rithros,flat
rīx,2nd Person Paucal (locative)
rōr,to put
scāma,steel
scāmia,force
scāmiascor,to force
scāmīvi,ammunition
scāmos,strong
scāmuor,to strengthen
scinallos,windy
scinīvo,window
scinor,to blow
scinōs,wind
scinōscor,to ventilate
scinōscrus,ventilation
scithīros,brother
scithor,to bleed
scithos,cruel
scithuladri,bloodlust
scithus,blood
scīvi,kidney
scor,to swell
scōri,sign / password
scōrithor,to tear
scōror,to scratch
sei,beginning
seles,mouth
selesca,muzzle
selescor,to muzzle
sellōīvi,uncle
sellōmo,grandfather
sellōs,father
selni,food
selnor,to feed
selōca,giant (noun)
selōcos,giant (adjective)
selor,to eat
selos,enough
sēn,isn't it / eh
sēni,four
sēni carax,four-hundred
sēni caraxis,four-hundred times
sēni caraxos,four-hundredth
sēni metī,four-thousand
sēni metīis,four-thousand times
sēni metīos,four-thousandth
sēnimax,fourteen
sēnimaxis,fourteen times
sēnimaxos,fourteenth
sēnios,forth
sēnīs,four times
sēnix,forty
sēnix ābris,forty-eight times
sēnix ābro,forty-eight
sēnix ābros,forty-eighth
sēnix beī,forty-six
sēnix beīis,forty-six times
sēnix beīos,forty-sixth
sēnix cōd,forty-seven
sēnix cōdis,forty-seven times
sēnix cōdos,forty-seventh
sēnix īratis,forty-one times
sēnix īratos,forty-first
sēnix īura,forty-nine
sēnix īuris,forty-nine times
sēnix īuros,forty-ninth
sēnix mis,forty-three times
sēnix mo,forty-three
sēnix mos,forty-third
sēnix nō,forty-one
sēnix pōma,forty-five
sēnix pōmis,forty-five times
sēnix pōmos,forty-fifth
sēnix rax,forty-two
sēnix raxis,forty-two times
sēnix raxos,forty-second
sēnix sēni,forty-four
sēnix sēnios,forty-fourth
sēnix sēnīs,forty-four times
sēnixis,forty times
sēnixos,fortieth
seor,to start / begin
Serānīos,New Tower
seros,new
si,up
sī,not
siacī,about
siānor,to monitor
siānōs,monitor
siat,over
sīax,neither
sica,love
sicara,boyfriend / girlfrield
sīcelīoros,inhuman
sicīlirus,absorption
sicīlor,to absorb
sicīvi,friend
sicnor,to make love
sicor,to love
sicos,dear
sicōs,lover
sicthor,to believe
sicthōs,believer
sicthus,belief
sīdathrascos,unlimited
sīdostis,unbearably
sīdostos,unbearable
sīemios,unsure
sīencāthon,disobedient
sīencitia,imbalance
siendor,to teach
siendōs,teacher
siendrus,teaching
sīes,nothing
sīesā,you're welcome
sīhārithos,unsafe
sīhārnos,insane
sīinnuos,unnatural
sījostos,unable
sījulllicos,incorrect
sījūson,uncommon
sīlacthios,abnormal
sīlecnios,hopeless
sīminor,impatient
sīnacnullis,illegally
sīnacnuos,illegal
sinca,whore
sīnellios,unusual
sīnios,no one / nobody
sīo,zero
sīornos,unclear
sīos,nowhere
sīosūs,pointless
sīprumon,inactive
sīrancīon,unreal
sīstaunios,powerless
sīstauron,unaware
sīstaustos,impossible
sīstavos,unknown
sīsthallos,cynical
sīsthōs,cynic
sīthlacos,indirect
sithon,inventive
sithōr,to invent
sithorus,invention
sithōs,inventor
siūnirus,transformation
siūnor,to transform
sīusia,never / nowhen
sīutos,micro
sīutovestrus,microchip
sīvāmos,nano
sīvēos,injust / unfair
sīvi,no
sīvīon,infant
sīvīos,no way
sivīunor,to convince
sivixor,to record
sīxeciton,independent
sīxedascis,indefinitely
sīxedascos,indefinite
sīxedon,indifferent
stascon,rich
stascor,to own
stascos,own
stascōs,owner
staunia,power
stauniara,potential
staunios,powerful
staunor,to be able / can
stauron,aware
stauror,to be aware
stauros,wise
staustos,possible
stava,idea
stavi,knowledge
stavia,science
stavisica,philosophy
stavon,conscious
stavor,to know
stavos,known
stōnaja,mechanism
stōnallos,mechanical
stōnōs,machine
stōrnirus,awakening
stōrnor,to wake up / awaken
stōrnos,awake
suffrāton,intelligent
suffrātor,to discern
suīvi,small
suīvira / su.,minute
sum,among
sūxīmbus,colorful
sūxīon,color
sūxīscor,to color
tani,story
tanithes,number
tanithīon,algorithm
tanithor,to count
tanithōs,computer
tanor,to tell
theini,impetus
theinor,to rush upon / attack
themnithor,to listen
themnues,weapon
themnuon,aggressive
themnuor,to attack
thenathnirus,addition
thenathnor,to add
thencādor,to belong
thenerni,approval
thenernor,to approve
thenuor,to advance
thenurus,advancement
theperor,to happen an accident
theperuos,accidental
theperus,accident
thevixirus,adoption
thevixon,adoptive
thevixor,to adopt
thlacor,to direct
thlacos,direct
thlacrus,direction
thōr,to find
thornirus,acclamation
thornor,to acclaim
thosoi,access
thosōr,to access
thōthor,to admit
thōthrus,admission
thrinirus,accusation
thrinor,to accuse
thrinus,category
tiāma,boy
tra,to / towards
trasi,upward
tri,by
trios,behind
trobos,along
tua,stone
tuithon,durasteel
tuithon,while / during
tuithor,to last
tuīvi,nut / nucleus
tuīvios,nuclear
tūnīllos,northern
tūnīos,north
tunor,to harden
tuor,to be hard
turos,hard
ūni,form
ūnīon,caliber
ūnirus,formation
ūniscor,to modify
ūniscrus,modification
ūnor,to form
ūnura,plasmid
ūnus,plasma
usia,time
vada,hole
vadaca,asshole
vador,to dig
vadus,grave
vambror,to pull
vames,heart
vamirus,battery
vamithor,to fight
vāmo,war
vamor,to beat
vasci,credit
vascor,to credit
vāscor,to get
ve,again
vecior,to reflect
vecirus,reflection
vefeor,to remember
vehebon,repressive
vehebor,to repress
vehebos,repressed
vehebrus,repression
vei,treasure
veini,research
veinor,to research
veinōs,researcher
vēithnos,better
vēithor,to fit
vēittos,best
vejullidor,to rebuild / reconstruct
vejullidrus,reconstruvtion
vemprithor,to replicate
vemprithus,replicate
vencior,to reserve
vēndi,rescue
vēndor,to rescue
venicror,to remove
venocror,to remove
venocros,remote
vēnor,to join
vēnus,arm
vēor,to fasten
veornirus,complaint
veornor,to complain
vēos,just / fair
vēpor,to regret
veraxprithor,to reduplicate
veraxprithrus,reduplication
verinor,to refuse
verinus,refusal
verōr,to replace
verorus,replacement
vēros,firm
verumes,cloning machine
verumor,to clone
verumus,clone
vēruor,to firm
vesi,limb
vesirus,section
vesni,wound
vesnia,trauma
vesnor,to wound
vesnos,wounded
vesor,to cut
vesos,short
vesti,mark / brand
vestor,to mark
vestror,to chop
vestrus,chip
vesuis,briefly
vesuīvicies,microscope
vesuor,to shorten
vesuos,brief
vesus,shape
vesuscor,to shape
vetra,back
vetramon,automatic
vetramor,to make something by oneself
vetroluni,suicide
vetrolunor,to commit suicide
veūnirus,reform
veūnor,to reform
vevelirus,solution
vevelor,to solve
vevī,answer
vevidon,reproductive
vevidor,to reproduce
vevidrus,reproduction
vevīor,to answer
vevīstos,responsible
vī,1st Person Plural (locative)
viā,1st Person Plural (nominative)
viāe,1st Person Plural (ablative)
viāe,1st Person Plural (instrumental)
viāē,1st Person Plural (offerative)
viāex,1st Person Paucal (ablative)
viāex,1st Person Paucal (instrumental)
viāēx,1st Person Paucal (offerative)
viāi,1st Person Plural (accusative)
viāix,1st Person Paucal (accusative)
viās,1st Person Plural (dative)
viāx,1st Person Paucal (dative)
viāx,1st Person Paucal (nominative)
vīca,truth
vīcabos,truthful
vīcni,trust
vīcnibos,trustworthy
vīcnor,to trust
vīcor,to be true
vīcris,truly
vīcros,true 
vida,daughter
vidi,art
vidīros,sister
vidīvi,miniature
vidivōnia,technology
vidivōnīon,artificial
vidivōnīon asuffrāton,artificial intelligence
vidivōnios,technological
vidor,to create / produce
vidrus,creation
vidus,creature
vīnirus,reduction
vinnēon,matter
vinni,son
vinnia,gene
vinnialis,genome
vinniodavos / V.,DNA
vinnios,genetic / genetical
vinnios arveburus,genetical manipulation
vinnirus,generation
vinniruscor,to generate
vinnor,to beget / give birth
vinnōs,mother
vinnus,birth
vīnon,reductive
vīnor,to reduce
viō,1st Person Plural (genitive)
viōx,1st Person Paucal (genitive)
vīuni,talk
vīunor,to talk
vīuthi,command
vīuthor,to command
vīuthōs,commander
vīves,voice
vīvesci,vote
vīvescor,to vote
vīvia,language
vīvon,speaker
vīvor,to speak
vīx,1st Person Paucal (locative)
vīx,very
vixnor,to trap
vixor,to take
vixtor,to steal
vixtōs,thief
vixtus,theft
volithor,to loose
vollos,loose
volnor,to free
volnos,free
volor,to loosen
vōnia,study
vōnor,to study
vrumes,cloning machine
vrumirus,cloning
vrumor,to clone
vrumus,clone
vuces,vase / glass
vucīos,bar
vucor,to drink
vuxāmo,crater
xat,after
xatrumor,to mock
xe,off / away
xecādor,to decline
xeciton,dependent
xecitor,to depend
xedascis,definitely
xedascor,to define
xedascos,definite
xedon,different / odd
xedor,to differ
xedothus,oddspring
xefoscor,to wear off
xelidor,to destroy
xelidrus,destruction
xelinithi,defeat
xelinithor,to defeat
xelumirus,development
xelumor,to develop
xemici,fun
xemicor,to have fun
xeniti,discovery
xenitor,to discover
xēnon,absent
xēnor,to be absent
xerithīon,dystopy
xerithīonos,dystopian
xest,above
xevelis,absolutely
xevelor,to dissolve
xevelos,absolute
xevesirus,decision
xevesor,to cut off / decide
xevixor,to take off
xevumbror,to pull off
xhebon,depressive
xhebor,to depress
xhebos,depressed
xhebrus,depression
xia,fire
xies,coal / carbon
xījullūni,eco-system
ximbos,bread
xini,bubble
xinīon,alcohol
xinīonos,alcoholic
xinor,to boil
xion,warm
xīon,house
xionuor,to warm
xior,to burn
xior,to owe / should
xios,brown
xīos,fireplace
xirīllos,southern
xirīos,south
xiror,to glow
xiros,hot
xirōs,sun
xiu,focus
xīulis,constellation
xius,debt
xiuscor,to focus
xīvi,star
xornirus,declaration
xornor,to declare
xōthon,omissive
xōthor,to omit
xōthrus,omission
xūnirus,deformation
xūnor,to deform